Mes,Gestor_Apelido,Captacao,Resgate,Liquido
2025-08,"4UM",10117037.47,0,10117037.47
2025-08,"Absolute",1866033756.47,109407625.93,1756626130.54
2025-08,"Ace",102260,272650,-170390
2025-08,"AF Invest",77209165.33,0,77209165.33
2025-08,"Altera",53804000,26913000,26891000
2025-08,"Andbank",8846337.35,0,8846337.35
2025-08,"ARX",604210173.69,105603655.47,498606518.22
2025-08,"ASA",455660,0,455660
2025-08,"Asset 1",10198000,250000,9948000
2025-08,"Atena",167548.71,3215.25,164333.46
2025-08,"Augme",1039327.39,1930267.51,-890940.12
2025-08,"AZ Quest",8495392.9,14792719.79,-6297326.89
2025-08,"BB Asset",2768543833.61,353711193.01,2414832640.6
2025-08,"BBM Asset",18991883.26,4049136.7,14942746.56
2025-08,"BDR",0,2500000,-2500000
2025-08,"Black Swan",70000,0,70000
2025-08,"Bocaina",8659000,17820000.01,-9161000.01
2025-08,"BR Partners",3130717.87,0,3130717.87
2025-08,"Brainvest",6382345.42,0,6382345.42
2025-08,"BRAM",2515201936.65,351623395.51,2163578541.14
2025-08,"BTG Asset",361283045.48,110532675.27,250750370.21
2025-08,"BTG WM",2376070150.12,1340856956.49,1035213193.63
2025-08,"Butiá",11680.59,311667.19,-299986.6
2025-08,"BV Asset",35000000,0,35000000
2025-08,"Capitânia",109178102.4,119651117.4,-10473015
2025-08,"Citrino",0,0,0
2025-08,"Daycoval",6330764.51,1745546.38,4585218.13
2025-08,"Daycoval Asset",20000000,0,20000000
2025-08,"Douro",0,0,0
2025-08,"Drys",0,325000,-325000
2025-08,"EQI",60316803.26,7313020.19,53003783.07
2025-08,"Exes",0,0,0
2025-08,"FAR",115332.06,493717.46,-378385.4
2025-08,"Franklin Templeton",0,0,0
2025-08,"G5",38048000.03,5940000,32108000.03
2025-08,"Galapagos",378485.45,3528763.65,-3150278.2
2025-08,"Galt",0,0,0
2025-08,"Heritage",6500000,0,6500000
2025-08,"IAM",3237666822.59,568281335.67,2669385486.92
2025-08,"Ibuina",7415851.3,35171680.2,-27755828.9
2025-08,"Icatu",162941477.92,4916440.19,158025037.73
2025-08,"Inter",58271025.36,17765951.68,40505073.68
2025-08,"Iridium",560111.68,3440461.11,-2880349.43
2025-08,"Jera",0,0,0
2025-08,"JGP",238030350.45,110561931.4,127468419.05
2025-08,"Journey",34066505.18,11258675.94,22807829.24
2025-08,"Kinea",84790303.18,104379375.22,-19589072.04
2025-08,"Lakewood",500000,0,500000
2025-08,"Legacy",613034471.36,41938131.19,571096340.17
2025-08,"MAG",0,0,0
2025-08,"Maud",1420000,1376548.98,43451.02
2025-08,"Mirabaud",858024.47,2078.82,855945.65
2025-08,"MMZR",174000,0,174000
2025-08,"Monte Azul",0,0,0
2025-08,"Monte Bravo",0,0,0
2025-08,"Navi",0,0,0
2025-08,"Newave",332500,0,332500
2025-08,"Nikos",70159672.1,13192595.29,56967076.81
2025-08,"Novus",11370000,0,11370000
2025-08,"Nu Asset",0,500000,-500000
2025-08,"Occam",41529231.6,1147519.37,40381712.23
2025-08,"Opportunity",0,0,0
2025-08,"Oriz",28401471.94,38359500,-9958028.06
2025-08,"Paramis",1540000,1555000,-15000
2025-08,"Pátria",0,368032.5,-368032.5
2025-08,"Perfin",30100000,0,30100000
2025-08,"Persevera",3082261.98,0,3082261.98
2025-08,"Plural",115979239.19,48425490.18,67553749.01
2025-08,"Porto Asset",4675762.11,81460.53,4594301.58
2025-08,"Portofino",0,0,0
2025-08,"Principal",12256,56695.34,-44439.34
2025-08,"Proteus",77502384.55,1139000,76363384.55
2025-08,"Rafter",13399514.97,1240000,12159514.97
2025-08,"RB Asset",38249000,17823000,20426000
2025-08,"RBR",0,0,0
2025-08,"Rio Bravo",5163860.41,1023111,4140749.41
2025-08,"Riza",37155645.71,5975445.27,31180200.44
2025-08,"Root",0,0,0
2025-08,"Rubik",460756.88,0,460756.88
2025-08,"Safra Asset",2057044288.77,1124861428.08,932182860.69
2025-08,"SAM",3467114299.72,143487289.79,3323627009.93
2025-08,"San WM",160434946.44,16634185.41,143800761.03
2025-08,"Scalare",51395844.39,57006816.12,-5610971.73
2025-08,"Seven Pounds",40000000,0,40000000
2025-08,"Somma",1551837.04,310921.79,1240915.25
2025-08,"Sparta",763966929.41,44390048.78,719576880.63
2025-08,"SPX",352809916.37,176762243.62,176047672.75
2025-08,"Sulamérica",817535.26,508841.12,308694.14
2025-08,"Suno",400000,2993215,-2593215
2025-08,"SWM",8416514.31,222324.27,8194190.04
2025-08,"TAG",800000,0,800000
2025-08,"Tenax",25441177.54,20352129.37,5089048.17
2025-08,"Tivio",18523100.03,12070273.23,6452826.8
2025-08,"Tori 21",0,0,0
2025-08,"Trígono",38279.67,73000,-34720.33
2025-08,"Turim",0,0,0
2025-08,"UBS",114434505.32,36591672.6,77842832.72
2025-08,"Valia",1020772.23,1019893.48,878.75
2025-08,"Valora",24660393.12,4000000,20660393.12
2025-08,"Vêneto",0,0,0
2025-08,"Vinci",26362152.26,6348400,20013752.26
2025-08,"Vinland",35494153.19,89443677.99,-53949524.8
2025-08,"WHG",2580498.25,435000,2145498.25
2025-08,"XPG",404588551.07,59379753.53,345208797.54
2025-08,"YVY",0,1256000,-1256000
2025-09,"4UM",1277020.03,100000,1177020.03
2025-09,"Absolute",1519079793.44,189395703.18,1329684090.26
2025-09,"Ace",987197.35,166030,821167.35
2025-09,"AF Invest",260000,0,260000
2025-09,"Altera",42825000,14000000,28825000
2025-09,"Andbank",0,0,0
2025-09,"ARX",789982380.77,113997004.16,675985376.61
2025-09,"ASA",0,1802243.46,-1802243.46
2025-09,"Asset 1",8085000,4500000,3585000
2025-09,"Atena",2410001.45,0,2410001.45
2025-09,"Augme",54902887.82,2884183.99,52018703.83
2025-09,"AZ Quest",10326452.23,14139316.32,-3812864.09
2025-09,"BB Asset",4990885051.33,642739586.35,4348145464.98
2025-09,"BBM Asset",34536736.23,4824837.47,29711898.76
2025-09,"BDR",0,0,0
2025-09,"Black Swan",10000,0,10000
2025-09,"Bocaina",26478000,6760000,19718000
2025-09,"BR Partners",85501296.1,32629791.45,52871504.65
2025-09,"Brainvest",0,0,0
2025-09,"BRAM",3015625172.38,497634777.89,2517990394.49
2025-09,"BTG Asset",778570325.88,105591031.98,672979293.9
2025-09,"BTG WM",1042077483.16,888876507.76,153200975.4
2025-09,"Butiá",15973.52,319109.6,-303136.08
2025-09,"BV Asset",0,0,0
2025-09,"Capitânia",27125233.98,35558896.07,-8433662.09
2025-09,"Citrino",0,0,0
2025-09,"Daycoval",77324700.48,2744160.84,74580539.64
2025-09,"Daycoval Asset",0,38500000,-38500000
2025-09,"Douro",1348172.58,0,1348172.58
2025-09,"Drys",0,300000,-300000
2025-09,"EQI",71131812.7,16878029.72,54253782.98
2025-09,"Être-Davos",10047489.2,0,10047489.2
2025-09,"Exes",0,400000,-400000
2025-09,"FAR",105349.17,162863.14,-57513.97
2025-09,"Franklin Templeton",0,38000000,-38000000
2025-09,"G5",43653534.13,15740000,27913534.13
2025-09,"Galapagos",3677176.15,390307.58,3286868.57
2025-09,"Galt",0,100000,-100000
2025-09,"Heritage",15500000,0,15500000
2025-09,"IAM",3574367422.57,335362595.61,3239004826.96
2025-09,"Ibuina",294419852.39,4042243.67,290377608.72
2025-09,"Icatu",265157216.45,79054262.51,186102953.94
2025-09,"Inter",98002148.79,15246014.12,82756134.67
2025-09,"Iridium",481280.64,5639284.9,-5158004.26
2025-09,"Jera",0,0,0
2025-09,"JGP",195291106.59,25722485,169568621.59
2025-09,"Journey",25343209.74,31155968.26,-5812758.52
2025-09,"Kinea",92614845.05,6736126.78,85878718.27
2025-09,"Lakewood",0,0,0
2025-09,"Legacy",1130328530.53,40906100.26,1089422430.27
2025-09,"MAG",0,0,0
2025-09,"Maud",3351000,828703.2,2522296.8
2025-09,"Mirabaud",2022602.99,212154.06,1810448.93
2025-09,"MMZR",990841.72,0,990841.72
2025-09,"Monte Azul",0,0,0
2025-09,"Monte Bravo",0,0,0
2025-09,"Navi",0,0,0
2025-09,"Newave",0,0,0
2025-09,"Nikos",88867610.23,17051958.38,71815651.85
2025-09,"Novus",15500000,0,15500000
2025-09,"Nu Asset",0,1349999.99,-1349999.99
2025-09,"Occam",114059581.52,5368935.12,108690646.4
2025-09,"Opportunity",0,60000,-60000
2025-09,"Oriz",86642715.66,141197320.93,-54554605.27
2025-09,"Paramis",1320000,1580000,-260000
2025-09,"Pátria",0,368032.5,-368032.5
2025-09,"Perfin",8800000,0,8800000
2025-09,"Persevera",72600,100,72500
2025-09,"Plural",201548674.14,88546225.09,113002449.05
2025-09,"Porto Asset",13891186.09,275369.11,13615816.98
2025-09,"Portofino",973559.33,0,973559.33
2025-09,"Principal",4268,6000,-1732
2025-09,"Proteus",193466982.89,1355000,192111982.89
2025-09,"Rafter",18746075.32,4300822.8,14445252.52
2025-09,"RB Asset",93510000,33790000,59720000
2025-09,"RBR",0,0,0
2025-09,"Rio Bravo",12426960.43,4304541.06,8122419.37
2025-09,"Riza",74149453.38,7778068.01,66371385.37
2025-09,"Root",5000000,0,5000000
2025-09,"Rubik",0,0,0
2025-09,"Safra Asset",2781704951.6,1760937911.46,1020767040.14
2025-09,"SAM",1009055627.17,221579462.24,787476164.93
2025-09,"San WM",184394138.29,39472758.91,144921379.38
2025-09,"Scalare",18072445.84,99588160.03,-81515714.19
2025-09,"Seven Pounds",0,0,0
2025-09,"Somma",2320871.44,280678.27,2040193.17
2025-09,"Sparta",964616543.32,79127729.58,885488813.74
2025-09,"SPX",152480862.73,12620982.22,139859880.51
2025-09,"Sten",94578913.92,0,94578913.92
2025-09,"Sulamérica",1732580.03,1282299.96,450280.07
2025-09,"Suno",1900000,1245000.01,654999.99
2025-09,"SVN",10000000,0,10000000
2025-09,"SWM",16880283.1,314272,16566011.1
2025-09,"TAG",2000000,0,2000000
2025-09,"Tenax",36293791.88,6029654.83,30264137.05
2025-09,"Tivio",1419931.9,12669935.42,-11250003.52
2025-09,"Tori 21",0,0,0
2025-09,"Trígono",5909.18,639000,-633090.82
2025-09,"Turim",0,0,0
2025-09,"UBS",188089480.28,46604025.89,141485454.39
2025-09,"Valia",1063181.45,2632356.73,-1569175.28
2025-09,"Valora",72513455.06,7535061.87,64978393.19
2025-09,"Vêneto",0,0,0
2025-09,"Vinci",71983455.4,7082762.07,64900693.33
2025-09,"Vinland",238583598.81,84349804.02,154233794.79
2025-09,"WHG",101852.36,237593.49,-135741.13
2025-09,"XPG",493379867.7,77954521.63,415425346.07
2025-09,"YVY",0,1428947.13,-1428947.13
2025-10,"4UM",2845121.64,0,2845121.64
2025-10,"Absolute",1023720772.85,551000893.81,472719879.04
2025-10,"Ace",2406000,769000,1637000
2025-10,"AF Invest",1669661.98,1819661.97,-149999.99
2025-10,"Altera",82188000,104512781.87,-22324781.87
2025-10,"Andbank",0,0,0
2025-10,"ARX",698123495.12,98389340.33,599734154.79
2025-10,"ASA",1500000,6394.86,1493605.14
2025-10,"Asset 1",24400000,6190000,18210000
2025-10,"Atena",45344.31,0,45344.31
2025-10,"Augme",41549059.88,3180810.53,38368249.35
2025-10,"AZ Quest",11936417.35,13355737.7,-1419320.35
2025-10,"BB Asset",3020084155.83,426462742.22,2593621413.61
2025-10,"BBM Asset",9738114.29,4686584.63,5051529.66
2025-10,"BDR",0,0,0
2025-10,"Black Swan",20000,0,20000
2025-10,"Bocaina",12980500,6772000,6208500
2025-10,"BR Partners",153839227.55,220135.11,153619092.44
2025-10,"Brainvest",13062912.96,0,13062912.96
2025-10,"BRAM",3728215677.94,897827428.68,2830388249.26
2025-10,"BTG Asset",828406218.08,159783035.7,668623182.38
2025-10,"BTG WM",1896018140.36,2110028688.32,-214010547.96
2025-10,"Butiá",8527.05,252569.37,-244042.32
2025-10,"BV Asset",96000000,0,96000000
2025-10,"Capitânia",28326681.43,58394991.24,-30068309.81
2025-10,"Citrino",0,0,0
2025-10,"Daycoval",25077357.72,2865958.52,22211399.2
2025-10,"Daycoval Asset",27200000,19500000,7700000
2025-10,"Douro",0,2000000,-2000000
2025-10,"Drys",0,200000,-200000
2025-10,"EQI",0,16492332.4,-16492332.4
2025-10,"Être-Davos",7885307.96,0,7885307.96
2025-10,"Exes",0,300000,-300000
2025-10,"FAR",15953,140468.91,-124515.91
2025-10,"Franklin Templeton",0,8000000,-8000000
2025-10,"G5",39295921.94,11240000,28055921.94
2025-10,"Galapagos",2074757.66,2789530.91,-714773.25
2025-10,"Galt",20407000.12,35000,20372000.12
2025-10,"Heritage",59637483.31,0,59637483.31
2025-10,"IAM",4023598092.14,630149006.67,3393449085.47
2025-10,"Ibuina",334407390.37,300000,334107390.37
2025-10,"Icatu",565085630.32,37908934.38,527176695.94
2025-10,"Inter",82115871.93,28183445.61,53932426.32
2025-10,"Iridium",1962363.73,4358983.54,-2396619.81
2025-10,"Jera",0,0,0
2025-10,"JGP",241729306.98,67468592.08,174260714.9
2025-10,"Journey",37982236.68,366289791.96,-328307555.28
2025-10,"Kinea",139428097.14,75093566.74,64334530.4
2025-10,"Lakewood",0,3079335.94,-3079335.94
2025-10,"Legacy",901431072.29,93785668.11,807645404.18
2025-10,"MAG",0,0,0
2025-10,"Maud",2500810.9,571227.03,1929583.87
2025-10,"Mirabaud",1367871.65,73984.86,1293886.79
2025-10,"MMZR",579409.86,0,579409.86
2025-10,"Monte Azul",0,312000,-312000
2025-10,"Monte Bravo",0,0,0
2025-10,"Navi",0,0,0
2025-10,"Newave",0,9000000,-9000000
2025-10,"Nikos",105625740.95,31123511.49,74502229.46
2025-10,"Novus",26910000,1550000,25360000
2025-10,"Nu Asset",0,1610000,-1610000
2025-10,"Occam",142780832.89,11660466.78,131120366.11
2025-10,"Opportunity",0,0,0
2025-10,"Oriz",10206468.66,3992000,6214468.66
2025-10,"Paramis",2200000,1580000,620000
2025-10,"Pátria",0,368032.5,-368032.5
2025-10,"Perfin",3500000,10000000,-6500000
2025-10,"Persevera",72766.47,31500000,-31427233.53
2025-10,"Plural",286616852.29,66120470.29,220496382
2025-10,"Porto Asset",1825907.5,114580.12,1711327.38
2025-10,"Portofino",404041.2,0,404041.2
2025-10,"Principal",104352,5000,99352
2025-10,"Proteus",13168766.85,1522000,11646766.85
2025-10,"Rafter",3682462.05,1000000,2682462.05
2025-10,"RB Asset",75858162.63,53064000,22794162.63
2025-10,"RBR",0,0,0
2025-10,"Rio Bravo",6267026.52,1873286.54,4393739.98
2025-10,"Riza",106387152.72,8094672.21,98292480.51
2025-10,"Root",0,0,0
2025-10,"Rubik",0,0,0
2025-10,"Safra Asset",1987738730.77,1440209058.46,547529672.31
2025-10,"SAM",195280415.62,265656721.11,-70376305.49
2025-10,"San WM",354961399.25,55125761.1,299835638.15
2025-10,"Scalare",24983904.67,145443093.69,-120459189.02
2025-10,"Seven Pounds",0,0,0
2025-10,"Somma",2011563.19,47438.72,1964124.47
2025-10,"Sparta",719152041.19,69238317.29,649913723.9
2025-10,"SPX",93866931.52,23064864.85,70802066.67
2025-10,"Sten",70171358.4,0,70171358.4
2025-10,"Sulamérica",116783288.22,1395550.08,115387738.14
2025-10,"Suno",0,864000,-864000
2025-10,"SVN",66887487.31,0,66887487.31
2025-10,"SWM",25182211.09,1361327.11,23820883.98
2025-10,"TAG",4800000,0,4800000
2025-10,"Tenax",38405331.24,15440452.41,22964878.83
2025-10,"Tivio",15035843,3343225.95,11692617.05
2025-10,"Tori 21",0,0,0
2025-10,"Trígono",206979.79,1163000.01,-956020.22
2025-10,"Turim",0,0,0
2025-10,"UBS",180134005.34,81061611.78,99072393.56
2025-10,"Valia",1232239.33,1231174.8,1064.53
2025-10,"Valora",90616054.76,4429318.38,86186736.38
2025-10,"Vêneto",0,0,0
2025-10,"Vinci",98772639.3,11478963.15,87293676.15
2025-10,"Vinland",486100310.34,84870689.54,401229620.8
2025-10,"WHG",105952.73,1086139.81,-980187.08
2025-10,"XPG",640970996.11,87991141.03,552979855.08
2025-10,"YVY",0,1435452.18,-1435452.18
2025-11,"4UM",28045098.26,0,28045098.26
2025-11,"Absolute",586018526.65,461675317.62,124343209.03
2025-11,"Ace",4568600,556000,4012600
2025-11,"AF Invest",0,0,0
2025-11,"Altera",9050000,142274890.12,-133224890.12
2025-11,"Andbank",4975372.64,0,4975372.64
2025-11,"ARX",143454772.67,254961469.43,-111506696.76
2025-11,"ASA",3255000,1411345.02,1843654.98
2025-11,"Asset 1",8653000,0,8653000
2025-11,"Atena",3320876.5,10948.85,3309927.65
2025-11,"Augme",97907358.36,72351.32,97835007.04
2025-11,"AZ Quest",5013645.2,5143062.85,-129417.65
2025-11,"BB Asset",339343217.87,1532237303.82,-1192894085.95
2025-11,"BBM Asset",304928.84,3187371.13,-2882442.29
2025-11,"BDR",0,4999999.99,-4999999.99
2025-11,"Black Swan",0,0,0
2025-11,"Bocaina",30027000,6338000,23689000
2025-11,"BR Partners",12086810.32,2267169.85,9819640.47
2025-11,"Brainvest",0,0,0
2025-11,"BRAM",285857768.67,171506366.59,114351402.08
2025-11,"BTG Asset",572422220.71,361450320.18,210971900.53
2025-11,"BTG WM",1040714764.88,933863886.69,106850878.19
2025-11,"Butiá",2611.79,396787.11,-394175.32
2025-11,"BV Asset",0,120000000,-120000000
2025-11,"Capitânia",17267143.7,37298978.83,-20031835.13
2025-11,"Citrino",0,0,0
2025-11,"Daycoval",5475869.82,2845990.5,2629879.32
2025-11,"Daycoval Asset",13900000,2000000,11900000
2025-11,"Douro",0,0,0
2025-11,"Drys",0,250000,-250000
2025-11,"EQI",0,28303865.97,-28303865.97
2025-11,"Être-Davos",0,0,0
2025-11,"Exes",0,500000,-500000
2025-11,"FAR",3200,636310.01,-633110.01
2025-11,"Franklin Templeton",0,21000000,-21000000
2025-11,"G5",74463355.27,12350000,62113355.27
2025-11,"Galapagos",3182500,797652.26,2384847.74
2025-11,"Galt",0,35000,-35000
2025-11,"Heritage",5700000,0,5700000
2025-11,"IAM",1620295787.13,1294861238.84,325434548.29
2025-11,"Ibuina",370637471.57,5990167.45,364647304.12
2025-11,"Icatu",85564816.95,45527219.51,40037597.44
2025-11,"Inter",37897636.55,33093738.94,4803897.61
2025-11,"Iridium",424396.53,4822755.02,-4398358.49
2025-11,"Jera",0,0,0
2025-11,"JGP",328695171.3,47361804.12,281333367.18
2025-11,"Journey",5290925.7,11539753.25,-6248827.55
2025-11,"Kinea",94916476.81,14629995.74,80286481.07
2025-11,"Lakewood",0,0,0
2025-11,"Legacy",17870423.04,222177171.17,-204306748.13
2025-11,"MAG",0,0,0
2025-11,"Maud",800000,902114.22,-102114.22
2025-11,"Mirabaud",752255.4,0,752255.4
2025-11,"MMZR",0,0,0
2025-11,"Monte Azul",0,0,0
2025-11,"Monte Bravo",0,42969.18,-42969.18
2025-11,"Navi",0,0,0
2025-11,"Newave",0,0,0
2025-11,"Nikos",16591151.59,97087567.34,-80496415.75
2025-11,"Novus",9040000,1640000,7400000
2025-11,"Nu Asset",0,2000000,-2000000
2025-11,"Occam",87174464.24,19700867.97,67473596.27
2025-11,"Opportunity",0,0,0
2025-11,"Oriz",32905063.67,165000,32740063.67
2025-11,"Paramis",0,1570000,-1570000
2025-11,"Pátria",0,368032.5,-368032.5
2025-11,"Perfin",1000000,0,1000000
2025-11,"Persevera",3446585.05,6600000,-3153414.95
2025-11,"Plural",140760073.4,59555531.19,81204542.21
2025-11,"Porto Asset",103641.92,313787.12,-210145.2
2025-11,"Portofino",0,10000000,-10000000
2025-11,"Principal",10000,12069.17,-2069.17
2025-11,"Proteus",0,1197000,-1197000
2025-11,"Rafter",1035000,12715133.08,-11680133.08
2025-11,"RB Asset",80210000,80141000,69000
2025-11,"RBR",0,0,0
2025-11,"Rio Bravo",4503080.91,3024989.37,1478091.54
2025-11,"Riza",52108240.14,17110231.56,34998008.58
2025-11,"Root",0,0,0
2025-11,"Rubik",0,0,0
2025-11,"Safra Asset",355831850.38,333599865.18,22231985.2
2025-11,"SAM",2021203078.97,929054585.44,1092148493.53
2025-11,"San WM",465594008.8,102405000.01,363189008.79
2025-11,"Scalare",44608237.85,154993889.56,-110385651.71
2025-11,"Seven Pounds",0,0,0
2025-11,"Somma",280073.95,873960.86,-593886.91
2025-11,"Sonata",71147730.09,0,71147730.09
2025-11,"Sparta",1743457790.15,96794750.74,1646663039.41
2025-11,"SPX",28783697.04,161674898.53,-132891201.49
2025-11,"Sten",18290550.42,8015000,10275550.42
2025-11,"Sulamérica",33289543.05,796336.99,32493206.06
2025-11,"Suno",200000,1171000,-971000
2025-11,"SVN",77446408.3,1432828.92,76013579.38
2025-11,"SWM",2714272.01,414462.73,2299809.28
2025-11,"TAG",0,0,0
2025-11,"Tenax",20222193.08,14686106.24,5536086.84
2025-11,"Tivio",10811741.24,10772548.33,39192.91
2025-11,"Tori 21",0,0,0
2025-11,"Trígono",1010253.21,2441999.99,-1431746.78
2025-11,"Turim",0,0,0
2025-11,"UBS",113994613.44,75423222.42,38571391.02
2025-11,"Valia",1125342.44,1124007.12,1335.32
2025-11,"Valora",48644627.89,10692769.39,37951858.5
2025-11,"Vêneto",0,0,0
2025-11,"Vinci",49564919.61,14735103.92,34829815.69
2025-11,"Vinland",162288147.06,114563487.13,47724659.93
2025-11,"WHG",190724.02,170000,20724.02
2025-11,"XPG",300994390.84,173032401.19,127961989.65
2025-11,"YVY",0,2117688.1,-2117688.1
2025-12,"4UM",100000,0,100000
2025-12,"Absolute",1809486164.18,2118925150.25,-309438986.07
2025-12,"Ace",15114200,74000,15040200
2025-12,"AF Invest",0,0,0
2025-12,"Altera",5637000,9904693.58,-4267693.58
2025-12,"Andbank",250433.29,0,250433.29
2025-12,"ARX",298710229.47,435770706.46,-137060476.99
2025-12,"ASA",655000,5317.52,649682.48
2025-12,"Asset 1",11429717.21,2050000,9379717.21
2025-12,"Atena",248307.61,0,248307.61
2025-12,"Augme",132273090.1,1380447.39,130892642.71
2025-12,"AZ Quest",17303220.41,20608458.53,-3305238.12
2025-12,"BB Asset",1882911044.28,1954537662.04,-71626617.76
2025-12,"BBM Asset",2580202.06,2726850.52,-146648.46
2025-12,"BDR",1500000.75,1500000,0.75
2025-12,"Black Swan",0,0,0
2025-12,"Bocaina",19283370,15677519.42,3605850.58
2025-12,"BR Partners",17423407.93,260000,17163407.93
2025-12,"Brainvest",0,0,0
2025-12,"BRAM",1150819246.37,474045240.71,676774005.66
2025-12,"BTG Asset",1039786960.61,341142585.98,698644374.63
2025-12,"BTG WM",931250491.82,2038451570.11,-1107201078.29
2025-12,"Butiá",5867.57,153093.66,-147226.09
2025-12,"BV Asset",0,12400000,-12400000
2025-12,"Capitânia",113802953.96,21413584.91,92389369.05
2025-12,"Citrino",0,0,0
2025-12,"Daycoval",9613444.04,2216838.28,7396605.76
2025-12,"Daycoval Asset",125000000,0,125000000
2025-12,"Douro",0,0,0
2025-12,"Drys",0,300000,-300000
2025-12,"EQI",0,27901931.69,-27901931.69
2025-12,"Être-Davos",0,0,0
2025-12,"Exes",0,560000,-560000
2025-12,"FAR",3000,86732.26,-83732.26
2025-12,"Franklin Templeton",0,0,0
2025-12,"G5",38118676.26,21704898.31,16413777.95
2025-12,"Galapagos",951000,2710841.33,-1759841.33
2025-12,"Galt",14200000,36000,14164000
2025-12,"Heritage",400000,71630000,-71230000
2025-12,"IAM",2966291009.35,2816544944.44,149746064.91
2025-12,"Ibuina",524340634.82,124538432.6,399802202.22
2025-12,"Icatu",1459326367.92,1207990787.03,251335580.89
2025-12,"Inter",46145934.88,46071023.04,74911.84
2025-12,"Iridium",3241727.51,3633763.53,-392036.02
2025-12,"Jera",0,0,0
2025-12,"JGP",399990405.92,168207938.14,231782467.78
2025-12,"Jive",429391633.06,0,429391633.06
2025-12,"Journey",9281824.33,10384930.99,-1103106.66
2025-12,"Kinea",226452213.18,44825764.06,181626449.12
2025-12,"Lakewood",0,0,0
2025-12,"Legacy",167201508.43,333634437.29,-166432928.86
2025-12,"MAG",0,0,0
2025-12,"Maud",8820000,847447.33,7972552.67
2025-12,"Mirabaud",2758591.64,75000,2683591.64
2025-12,"MMZR",130000.6,0,130000.6
2025-12,"Monte Azul",0,665600,-665600
2025-12,"Monte Bravo",0,0,0
2025-12,"Navi",0,0,0
2025-12,"Newave",13909776.78,0,13909776.78
2025-12,"Nikos",12182414.02,89722576.19,-77540162.17
2025-12,"Novus",15390000,2630000,12760000
2025-12,"Nu Asset",0,1500000,-1500000
2025-12,"Occam",171982028.86,35703585.33,136278443.53
2025-12,"Opportunity",0,11234.86,-11234.86
2025-12,"Oriz",10174809.18,0,10174809.18
2025-12,"Paramis",480000,1555000,-1075000
2025-12,"Pátria",0,408032.5,-408032.5
2025-12,"Perfin",2750000,5000000,-2250000
2025-12,"Persevera",0,24720000,-24720000
2025-12,"Plural",169255072,90066392.3,79188679.7
2025-12,"Porto Asset",1216200.83,421415.68,794785.15
2025-12,"Portofino",0,0,0
2025-12,"Principal",0,7132538.78,-7132538.78
2025-12,"Proteus",14073000,1173000,12900000
2025-12,"Rafter",4628509.01,10462006.86,-5833497.85
2025-12,"RB Asset",123994425.43,110187452,13806973.43
2025-12,"RBR",0,0,0
2025-12,"Rio Bravo",1619450.07,2833925.83,-1214475.76
2025-12,"Riza",133927746.51,28722009.51,105205737
2025-12,"Root",0,0,0
2025-12,"Rubik",25000,0,25000
2025-12,"Safra Asset",1740219089.74,939563668.37,800655421.37
2025-12,"SAM",1048286249.5,539036531.82,509249717.68
2025-12,"San WM",540673211.75,61281078.64,479392133.11
2025-12,"Scalare",1922508226.35,2138735164.2,-216226937.85
2025-12,"Seven Pounds",0,0,0
2025-12,"Somma",1108176.26,2191623.56,-1083447.3
2025-12,"Sonata",10409218.44,0,10409218.44
2025-12,"Sparta",408029860.17,188143153.26,219886706.91
2025-12,"SPX",59641482.52,214534807.91,-154893325.39
2025-12,"Sten",17963078.4,1015000,16948078.4
2025-12,"STK",26041657.7,0,26041657.7
2025-12,"Sulamérica",123842794.89,2031207.98,121811586.91
2025-12,"Suno",0,996499.2,-996499.2
2025-12,"SVN",78586683.39,5465745.51,73120937.88
2025-12,"SWM",4984764.06,1543874.22,3440889.84
2025-12,"TAG",900000,0,900000
2025-12,"Tenax",30666413.16,12493652.71,18172760.45
2025-12,"Tivio",32433784.22,8695812.23,23737971.99
2025-12,"Tori 21",0,0,0
2025-12,"Track",47657265.6,0,47657265.6
2025-12,"Trígono",254696.21,337000,-82303.79
2025-12,"Turim",0,0,0
2025-12,"UBS",121840271.96,200856353.67,-79016081.71
2025-12,"Valia",1111771.65,1110154.46,1617.19
2025-12,"Valora",157836034.41,23519573.99,134316460.42
2025-12,"Vêneto",0,0,0
2025-12,"Vinci",246167182.89,31299079.55,214868103.34
2025-12,"Vinland",320466280.7,263703431.15,56762849.55
2025-12,"WHG",694302.68,2371166.67,-1676863.99
2025-12,"XPG",239927627.35,297228278.27,-57300650.92
2025-12,"YVY",0,4039490.02,-4039490.02
2026-01,"4UM",744000,120000,624000
2026-01,"Absolute",769965630.05,660059224.23,109906405.82
2026-01,"Ace",14111700,130075.6,13981624.4
2026-01,"AF Invest",0,0,0
2026-01,"Altera",1680000,3559999.99,-1879999.99
2026-01,"Andbank",178671.85,0,178671.85
2026-01,"ARX",314445276.83,247221792.27,67223484.56
2026-01,"ASA",1640000,2000000,-360000
2026-01,"Asset 1",17521000,0,17521000
2026-01,"Atena",270965.83,0,270965.83
2026-01,"Augme",151738360.04,5654744.44,146083615.6
2026-01,"AZ Quest",10319437.27,7856690.05,2462747.22
2026-01,"BB Asset",803603931.72,712764057.71,90839874.01
2026-01,"BBM Asset",714374.81,4616723.32,-3902348.51
2026-01,"BDR",0,5000000.01,-5000000.01
2026-01,"Black Swan",0,0,0
2026-01,"Bocaina",28548910,10170546.62,18378363.38
2026-01,"BR Partners",10908700.97,255000,10653700.97
2026-01,"Brainvest",0,0,0
2026-01,"BRAM",644389406.69,341412704.25,302976702.44
2026-01,"BTG Asset",1351219588.89,174242474.03,1176977114.86
2026-01,"BTG WM",449518809.4,520895277.43,-71376468.03
2026-01,"Butiá",19800.97,104856.69,-85055.72
2026-01,"BV Asset",112800000,54800000,58000000
2026-01,"Capitânia",118234240.48,18085030.15,100149210.33
2026-01,"Citrino",0,0,0
2026-01,"Daycoval",6375619.9,2342198.35,4033421.55
2026-01,"Daycoval Asset",0,100000000,-100000000
2026-01,"Douro",38000,0,38000
2026-01,"Drys",450000,500000,-50000
2026-01,"EQI",0,7238746.73,-7238746.73
2026-01,"Être-Davos",14000000,0,14000000
2026-01,"Exes",0,1680000,-1680000
2026-01,"FAR",734867.9,519854.71,215013.19
2026-01,"Franklin Templeton",0,2500000,-2500000
2026-01,"G5",413567064.02,35545000,378022064.02
2026-01,"Galapagos",125250,1032912.91,-907662.91
2026-01,"Galt",0,49000,-49000
2026-01,"Heritage",0,13000000,-13000000
2026-01,"IAM",1700470271.05,1222805806.68,477664464.37
2026-01,"Ibuina",282190667.35,68820189.49,213370477.86
2026-01,"Icatu",1581418134.1,89263074.36,1492155059.74
2026-01,"Inter",75777288.43,30268845.4,45508443.03
2026-01,"Iridium",1393841.13,3428624.87,-2034783.74
2026-01,"Jera",0,0,0
2026-01,"JGP",286239238.24,70771594.35,215467643.89
2026-01,"Jive",14500000,3000000,11500000
2026-01,"Journey",2862601.09,169807614.93,-166945013.84
2026-01,"Kinea",86019307.47,66039964.98,19979342.49
2026-01,"Lakewood",0,657016.98,-657016.98
2026-01,"Legacy",73664487.7,338695582.48,-265031094.78
2026-01,"MAG",0,0,0
2026-01,"Maud",2983573.34,105462.98,2878110.36
2026-01,"Mirabaud",256095.27,8741.73,247353.54
2026-01,"MMZR",510003.47,0,510003.47
2026-01,"Monte Azul",660000,0,660000
2026-01,"Monte Bravo",0,0,0
2026-01,"Navi",0,39973.59,-39973.59
2026-01,"Newave",44202.02,0,44202.02
2026-01,"Nikos",9540047.01,26387485.81,-16847438.8
2026-01,"Novus",29450000,0,29450000
2026-01,"Nu Asset",0,0,0
2026-01,"Occam",881490616.96,21752351.73,859738265.23
2026-01,"Opportunity",0,0,0
2026-01,"Oriz",3091132.53,1014000,2077132.53
2026-01,"Paramis",200000,1775000,-1575000
2026-01,"Pátria",0,408032.5,-408032.5
2026-01,"Perfin",15000000,0,15000000
2026-01,"Persevera",6700000,5350000,1350000
2026-01,"Plural",146089299.72,75913393.79,70175905.93
2026-01,"Porto Asset",696104.96,859544.51,-163439.55
2026-01,"Portofino",0,0,0
2026-01,"Principal",0,10107.21,-10107.21
2026-01,"Proteus",2000002.09,1043270.48,956731.61
2026-01,"Rafter",15533356.96,12510842.86,3022514.1
2026-01,"RB Asset",57219000,54663200,2555800
2026-01,"RBR",0,0,0
2026-01,"Rio Bravo",1567603.86,1840395.84,-272791.98
2026-01,"Riza",149075690.14,10807393.85,138268296.29
2026-01,"Root",0,0,0
2026-01,"Rubik",0,0,0
2026-01,"Safra Asset",1050150175.54,531810373.48,518339802.06
2026-01,"SAM",624133966.84,614200442.05,9933524.79
2026-01,"San WM",284372293.79,48647050.27,235725243.52
2026-01,"Scalare",11900397.55,14400000,-2499602.45
2026-01,"Seven Pounds",0,0,0
2026-01,"Somma",169607.51,1466088.72,-1296481.21
2026-01,"Sonata",1509540.36,0,1509540.36
2026-01,"Sparta",1879870357.84,121461588.07,1758408769.77
2026-01,"SPX",98721391.14,211266883.89,-112545492.75
2026-01,"Sten",4459392,144370.65,4315021.35
2026-01,"STK",363001.92,0,363001.92
2026-01,"Sulamérica",58335011.08,3752164.09,54582846.99
2026-01,"Suno",0,950000,-950000
2026-01,"SVN",63723272.55,16407876.66,47315395.89
2026-01,"SWM",12833751.37,919416.32,11914335.05
2026-01,"TAG",0,0,0
2026-01,"Tenax",35370989.32,8373023.16,26997966.16
2026-01,"Tivio",11208244.27,7920932.38,3287311.89
2026-01,"Tori 21",0,0,0
2026-01,"Track",13807994.7,45982.86,13762011.84
2026-01,"Trígono",9630.35,304000.01,-294369.66
2026-01,"Turim",0,0,0
2026-01,"UBS",36465966.93,85785548.11,-49319581.18
2026-01,"Valia",892724.69,2201001.34,-1308276.65
2026-01,"Valora",144414150.64,8677291.39,135736859.25
2026-01,"Vêneto",0,7000000,-7000000
2026-01,"Vinci",147392181.71,14516920.56,132875261.15
2026-01,"Vinland",132216236.62,197169039.17,-64952802.55
2026-01,"WHG",144353.13,804500,-660146.87
2026-01,"XPG",252556020.61,152038239.5,100517781.11
2026-01,"YVY",0,164723,-164723
2026-02,"4UM",600000,0,600000
2026-02,"Absolute",1212365957.88,789083831.2,423282126.68
2026-02,"Ace",1589600,413890.23,1175709.77
2026-02,"AF Invest",21708.91,0,21708.91
2026-02,"Altera",90000,0,90000
2026-02,"Andbank",0,0,0
2026-02,"ARX",475866409.92,469519172.01,6347237.91
2026-02,"ASA",315941.05,5351.75,310589.3
2026-02,"Asset 1",21016441.05,0,21016441.05
2026-02,"Atena",1661570.51,0,1661570.51
2026-02,"Augme",35691939.54,12178652.32,23513287.22
2026-02,"AZ Quest",234669637.82,13862287.97,220807349.85
2026-02,"BB Asset",623268114.88,389194344.43,234073770.45
2026-02,"BBM Asset",889066.5,1024856.56,-135790.06
2026-02,"BDR",0,0,0
2026-02,"Black Swan",0,0,0
2026-02,"Bocaina",292889421,3188999.99,289700421.01
2026-02,"BR Partners",60255438.83,260000,59995438.83
2026-02,"Brainvest",0,0,0
2026-02,"BRAM",1229993319.65,363963509.06,866029810.59
2026-02,"BTG Asset",747358988.79,243206426.8,504152561.99
2026-02,"BTG WM",667102244.56,516784333.07,150317911.49
2026-02,"Butiá",11380.05,256920.97,-245540.92
2026-02,"BV Asset",19000000,40000000,-21000000
2026-02,"Capitânia",22077521.93,67648276.18,-45570754.25
2026-02,"Citrino",0,0,0
2026-02,"Daycoval",4500665.97,4959696.13,-459030.16
2026-02,"Daycoval Asset",12000000,20900000,-8900000
2026-02,"Douro",0,38601.87,-38601.87
2026-02,"Drys",0,270000,-270000
2026-02,"EQI",0,5629229.93,-5629229.93
2026-02,"Être-Davos",0,0,0
2026-02,"Exes",0,0,0
2026-02,"FAR",22141.52,184522.3,-162380.78
2026-02,"Franklin Templeton",0,0,0
2026-02,"G5",49598194.81,13584734.2,36013460.61
2026-02,"Galapagos",28000,612987.84,-584987.84
2026-02,"Galt",0,50000,-50000
2026-02,"Heritage",4250000,17800000,-13550000
2026-02,"IAM",1308251250.16,709293830.92,598957419.24
2026-02,"Ibuina",188531690.97,95154596.52,93377094.45
2026-02,"Icatu",192460874.08,50003884.6,142456989.48
2026-02,"Inter",65207855.42,33229301.61,31978553.81
2026-02,"Iridium",1675619.67,1605814.56,69805.11
2026-02,"Jera",0,0,0
2026-02,"JGP",264130387.49,119780325.22,144350062.27
2026-02,"Jive",0,5600000,-5600000
2026-02,"Journey",953631.27,3159552.78,-2205921.51
2026-02,"Kinea",107549950.92,45328735.52,62221215.4
2026-02,"Lakewood",63757821.72,0,63757821.72
2026-02,"Legacy",452118212.63,193566936.2,258551276.43
2026-02,"MAG",1011,0,1011
2026-02,"Maud",825000,0,825000
2026-02,"Mirabaud",188175.61,0,188175.61
2026-02,"MMZR",983593.23,0,983593.23
2026-02,"Monte Azul",0,0,0
2026-02,"Monte Bravo",0,0,0
2026-02,"Navi",0,0,0
2026-02,"Newave",19000.76,0,19000.76
2026-02,"Nikos",20542423.67,23552423.89,-3010000.22
2026-02,"Novus",33210000,0,33210000
2026-02,"Nu Asset",0,0,0
2026-02,"Occam",364568540.24,40977378.97,323591161.27
2026-02,"Opportunity",0,0,0
2026-02,"Oriz",15500000,480000,15020000
2026-02,"Paramis",0,1580000,-1580000
2026-02,"Pátria",0,436000,-436000
2026-02,"Perfin",0,0,0
2026-02,"Persevera",0,0,0
2026-02,"Plural",178519143.91,156401400.42,22117743.49
2026-02,"Porto Asset",664933.83,418926.89,246006.94
2026-02,"Portofino",0,0,0
2026-02,"Principal",0,0,0
2026-02,"Proteus",789807.65,972000,-182192.35
2026-02,"Rafter",867970.01,2900000,-2032029.99
2026-02,"RB Asset",106490000,42985345,63504655
2026-02,"RBR",0,0,0
2026-02,"Rio Bravo",32127753.59,3604423.23,28523330.36
2026-02,"Riza",24020044.04,20427306.81,3592737.23
2026-02,"Root",0,0,0
2026-02,"Rubik",0,0,0
2026-02,"Safra Asset",809257580.11,417101446.27,392156133.84
2026-02,"SAM",420700531.06,333887082.08,86813448.98
2026-02,"San WM",474304073.99,197682533.13,276621540.86
2026-02,"Scalare",2165000,21150000,-18985000
2026-02,"Seven Pounds",0,0,0
2026-02,"Somma",611412.1,156595.02,454817.08
2026-02,"Sonata",19690659,0,19690659
2026-02,"Sparta",625482500.9,97725384.23,527757116.67
2026-02,"SPX",93103879.36,49563329.95,43540549.41
2026-02,"Sten",16428.61,3000000,-2983571.39
2026-02,"STK",0,0,0
2026-02,"Sulamérica",52823374.54,6423859.8,46399514.74
2026-02,"Suno",100000,1112000,-1012000
2026-02,"SVN",53441130.14,26242018.29,27199111.85
2026-02,"SWM",19044875.07,290207.1,18754667.97
2026-02,"TAG",0,0,0
2026-02,"Tenax",33196208.54,7400641.99,25795566.55
2026-02,"Tivio",1551921.05,16973.69,1534947.36
2026-02,"Tori 21",0,0,0
2026-02,"Track",5383763.26,338891.45,5044871.81
2026-02,"Trígono",8201.04,183000,-174798.96
2026-02,"Turim",0,0,0
2026-02,"UBS",26470431.12,63436604.41,-36966173.29
2026-02,"Valia",1005451.81,1003913.8,1538.01
2026-02,"Valora",53672726.62,16503604.86,37169121.76
2026-02,"Vêneto",0,6000000,-6000000
2026-02,"Vinci",81275251.49,23735135.14,57540116.35
2026-02,"Vinland",85208665.81,130504749.48,-45296083.67
2026-02,"WHG",66944.8,2600000,-2533055.2
2026-02,"XPG",236705167.64,125535938.02,111169229.62
2026-02,"YVY",0,2118188.1,-2118188.1
2026-03,"4UM",0,0,0
2026-03,"Absolute",719706303.05,987967157.81,-268260854.76
2026-03,"Ace",1712547.67,11635831.34,-9923283.67
2026-03,"AF Invest",0,0,0
2026-03,"Altera",3000000,650000,2350000
2026-03,"Andbank",0,0,0
2026-03,"ARX",1327412952.92,1249149392.43,78263560.49
2026-03,"ASA",437081.46,491382.07,-54300.61
2026-03,"Asset 1",20652479.96,11040000,9612479.96
2026-03,"Atena",48500,0,48500
2026-03,"Augme",21925207,10798997.09,11126209.91
2026-03,"AZ Quest",93011482.55,10523134.17,82488348.38
2026-03,"BB Asset",371219601.92,569860031.4,-198640429.48
2026-03,"BBM Asset",971762.91,15000000,-14028237.09
2026-03,"BDR",0,0,0
2026-03,"Black Swan",0,77077.64,-77077.64
2026-03,"Bocaina",184845024.6,7798000,177047024.6
2026-03,"BR Partners",500000,130000,370000
2026-03,"Brainvest",0,0,0
2026-03,"BRAM",2460776609.57,330008994.63,2130767614.94
2026-03,"BTG Asset",473479879.33,496700681.38,-23220802.05
2026-03,"BTG WM",458553131.12,807658368.2,-349105237.08
2026-03,"Butiá",4771.87,126645.91,-121874.04
2026-03,"BV Asset",0,0,0
2026-03,"Capitânia",36492991.11,95897760.62,-59404769.51
2026-03,"Citrino",0,0,0
2026-03,"Daycoval",59841181.99,2548686.73,57292495.26
2026-03,"Daycoval Asset",0,0,0
2026-03,"Douro",0,8999000,-8999000
2026-03,"Drys",0,300000,-300000
2026-03,"EQI",0,12141424.81,-12141424.81
2026-03,"Être-Davos",0,0,0
2026-03,"Exes",0,0,0
2026-03,"FAR",35948.33,547620,-511671.67
2026-03,"Franklin Templeton",0,5750000,-5750000
2026-03,"G5",57271686.48,33352223.86,23919462.62
2026-03,"Galapagos",429000,225824.28,203175.72
2026-03,"Galt",0,2850000,-2850000
2026-03,"Heritage",0,13866000,-13866000
2026-03,"IAM",1117960068.92,895111083.03,222848985.89
2026-03,"Ibuina",136485403.41,146042238.34,-9556834.93
2026-03,"Icatu",150182890.81,43925780.3,106257110.51
2026-03,"Inter",46980545.67,38740772.63,8239773.04
2026-03,"Iridium",1094896.6,7269222.01,-6174325.41
2026-03,"Jera",0,8000000,-8000000
2026-03,"JGP",150248441.67,74781908.62,75466533.05
2026-03,"Jive",0,23000000,-23000000
2026-03,"Journey",890144.46,1260649.14,-370504.68
2026-03,"Kinea",472165861.11,50670641.83,421495219.28
2026-03,"Lakewood",30000,0,30000
2026-03,"Legacy",256634800.37,153520646.8,103114153.57
2026-03,"MAG",318500,1202.02,317297.98
2026-03,"Maud",450000,31598.73,418401.27
2026-03,"Mirabaud",67000,0,67000
2026-03,"MMZR",0,0,0
2026-03,"Monte Azul",0,800000,-800000
2026-03,"Monte Bravo",0,0,0
2026-03,"Navi",0,0,0
2026-03,"Newave",11053.2,0,11053.2
2026-03,"Nikos",16076580.86,15689342.99,387237.87
2026-03,"Novus",15680001,1310000,14370001
2026-03,"Nu Asset",0,1300000,-1300000
2026-03,"Occam",135659339.76,66406972.65,69252367.11
2026-03,"Opportunity",0,70000,-70000
2026-03,"Oriz",34947000,19909000,15038000
2026-03,"Paramis",0,1550000,-1550000
2026-03,"Pátria",0,417532.5,-417532.5
2026-03,"Perfin",0,20199999,-20199999
2026-03,"Persevera",0,0,0
2026-03,"Plural",136795590.75,37312856.63,99482734.12
2026-03,"Porto Asset",116885.43,278452.63,-161567.2
2026-03,"Portofino",0,4230610.23,-4230610.23
2026-03,"Principal",0,0,0
2026-03,"Proteus",2464717.68,2701000,-236282.32
2026-03,"Rafter",1636867.84,1250000,386867.84
2026-03,"RB Asset",45802000,95182000,-49380000
2026-03,"RBR",0,0,0
2026-03,"Rio Bravo",28646103.32,2362415.62,26283687.7
2026-03,"Riza",12382887.73,12836542.95,-453655.22
2026-03,"Root",12000000,4102603.05,7897396.95
2026-03,"Rubik",0,400000,-400000
2026-03,"Safra Asset",1484377008.04,2049019387.29,-564642379.25
2026-03,"SAM",199376552.74,372318540.65,-172941987.91
2026-03,"San WM",257591543.8,105861555.63,151729988.17
2026-03,"Scalare",12758041.32,6800000,5958041.32
2026-03,"Seven Pounds",0,0,0
2026-03,"Somma",3033.9,373111.47,-370077.57
2026-03,"Sonata",0,0,0
2026-03,"Sparta",214140024.53,85139220.01,129000804.52
2026-03,"SPX",56813722.8,40101549.06,16712173.74
2026-03,"Sten",0,137862332.92,-137862332.92
2026-03,"STK",0,0,0
2026-03,"Sulamérica",30453797.96,26377537.1,4076260.86
2026-03,"Suno",500000,2350000,-1850000
2026-03,"SVN",26561280.35,10595223.83,15966056.52
2026-03,"SWM",110937337.61,543457.18,110393880.43
2026-03,"TAG",0,0,0
2026-03,"Tenax",16374061.18,4649401.32,11724659.86
2026-03,"Tivio",615966,5644973.12,-5029007.12
2026-03,"Tori 21",0,0,0
2026-03,"Track",39215049.54,706594.09,38508455.45
2026-03,"Trígono",1509615.87,857000,652615.87
2026-03,"Turim",1000000,0,1000000
2026-03,"UBS",32747264.75,237782309.48,-205035044.73
2026-03,"Valia",1752439.13,3342390.23,-1589951.1
2026-03,"Valora",173000,10228065.62,-10055065.62
2026-03,"Vêneto",0,2000000,-2000000
2026-03,"Vinci",36638486.93,35201744.24,1436742.69
2026-03,"Vinland",69932840.8,123955963.25,-54023122.45
2026-03,"WHG",0,268000,-268000
2026-03,"XPG",150299104.24,165870441.5,-15571337.26
2026-03,"YVY",0,2204120.13,-2204120.13
2026-04,"4UM",0,0,0
2026-04,"Absolute",431977662.76,1252418037.04,-820440374.28
2026-04,"Ace",697159.83,1464000,-766840.17
2026-04,"AF Invest",34548.21,0,34548.21
2026-04,"Altera",206680000,9900000,196780000
2026-04,"Andbank",0,0,0
2026-04,"ARX",105099654.71,326094725.87,-220995071.16
2026-04,"ASA",231271.09,0,231271.09
2026-04,"Asset 1",2378000,6525000,-4147000
2026-04,"Atena",11400,1010.23,10389.77
2026-04,"Augme",3964051.88,38823241.87,-34859189.99
2026-04,"AZ Quest",30018848.59,18902786.78,11116061.81
2026-04,"BB Asset",154773392.66,1356761215.97,-1201987823.31
2026-04,"BBM Asset",494046.27,11626063.07,-11132016.8
2026-04,"BDR",0,0,0
2026-04,"Black Swan",0,4408657.55,-4408657.55
2026-04,"Bocaina",10121490,10617000,-495510
2026-04,"BR Partners",200000,281073.73,-81073.73
2026-04,"Brainvest",0,0,0
2026-04,"BRAM",1071506818.44,446913842.36,624592976.08
2026-04,"BTG Asset",122917646.92,956447374.52,-833529727.6
2026-04,"BTG WM",244672112.07,364216805.71,-119544693.64
2026-04,"Butiá",3092.17,297255.84,-294163.67
2026-04,"BV Asset",137198259.95,76174655.37,61023604.58
2026-04,"Capitânia",23178054.11,66375058.27,-43197004.16
2026-04,"Citrino",0,203522.45,-203522.45
2026-04,"Daycoval",6764760.46,26727108.51,-19962348.05
2026-04,"Daycoval Asset",0,0,0
2026-04,"Douro",0,2000000,-2000000
2026-04,"Drys",0,300000,-300000
2026-04,"EQI",0,34678996.67,-34678996.67
2026-04,"Être-Davos",0,0,0
2026-04,"Exes",0,0,0
2026-04,"FAR",0,910986.19,-910986.19
2026-04,"Franklin Templeton",0,0,0
2026-04,"G5",35306765.78,36576999.99,-1270234.21
2026-04,"Galapagos",475000,1005916.06,-530916.06
2026-04,"Galt",0,53000,-53000
2026-04,"Heritage",86950000,7000000,79950000
2026-04,"IAM",826738872.52,2336720296.52,-1509981424
2026-04,"Ibuina",27180080.2,1148446669.69,-1121266589.49
2026-04,"Icatu",64111525.24,129707522.19,-65595996.95
2026-04,"Inter",11297715.07,71925956.38,-60628241.31
2026-04,"Iridium",3663840.32,5554150.45,-1890310.13
2026-04,"Jera",0,0,0
2026-04,"JGP",57960698.99,127621515.1,-69660816.11
2026-04,"Jive",0,0,0
2026-04,"Journey",765773.17,11171525.73,-10405752.56
2026-04,"Kinea",80407013.34,59018409.85,21388603.49
2026-04,"Lakewood",0,0,0
2026-04,"Legacy",153519888.08,374205701.44,-220685813.36
2026-04,"MAG",101000,8.97,100991.03
2026-04,"Maud",1000000,171527,828473
2026-04,"Mirabaud",230110.12,31234.74,198875.38
2026-04,"MMZR",0,0,0
2026-04,"Monte Azul",0,0,0
2026-04,"Monte Bravo",0,0,0
2026-04,"Navi",0,0,0
2026-04,"Newave",18958.32,0,18958.32
2026-04,"Nikos",5195567.49,32213476.37,-27017908.88
2026-04,"Novus",2430000,8629999.99,-6199999.99
2026-04,"Nu Asset",46242308.06,0,46242308.06
2026-04,"Occam",69228282,141631146.24,-72402864.24
2026-04,"Opportunity",0,0,0
2026-04,"Oriz",14357987.75,1935000,12422987.75
2026-04,"Paramis",0,1550000,-1550000
2026-04,"Pátria",0,425550.9,-425550.9
2026-04,"Perfin",0,0,0
2026-04,"Persevera",4759659.79,850000,3909659.79
2026-04,"Plural",31427921.12,64759699.45,-33331778.33
2026-04,"Porto Asset",1247170.12,2776493.18,-1529323.06
2026-04,"Portofino",5535741.03,0,5535741.03
2026-04,"Principal",0,0,0
2026-04,"Proteus",189580.14,114677019.39,-114487439.25
2026-04,"Rafter",14799887.26,1563171.68,13236715.58
2026-04,"RB Asset",24670000,162737645,-138067645
2026-04,"RBR",0,0,0
2026-04,"Rio Bravo",97789.77,6273991.45,-6176201.68
2026-04,"Riza",1589086.82,42191605.48,-40602518.66
2026-04,"Root",8000000,0,8000000
2026-04,"Rubik",0,213240.63,-213240.63
2026-04,"Safra Asset",137599268.73,1828528265.66,-1690928996.93
2026-04,"SAM",260543432.98,781052701.84,-520509268.86
2026-04,"San WM",167208966.3,137119135.32,30089830.98
2026-04,"Scalare",9609810.8,9150000,459810.8
2026-04,"Seven Pounds",0,0,0
2026-04,"Somma",157784.36,225032.22,-67247.86
2026-04,"Sonata",0,0,0
2026-04,"Sparta",314737888.13,246836538.38,67901349.75
2026-04,"SPX",20347013.89,117057490.01,-96710476.12
2026-04,"Sten",276748.6,46698.78,230049.82
2026-04,"STK",0,0,0
2026-04,"Sulamérica",17211913.94,50007537.93,-32795623.99
2026-04,"Suno",0,115000,-115000
2026-04,"SVN",16700084.97,14881792.65,1818292.32
2026-04,"SWM",13301361.86,582679.56,12718682.3
2026-04,"TAG",16000000,0,16000000
2026-04,"Tenax",3924700,20472764.99,-16548064.99
2026-04,"Tivio",55037.85,5302671.14,-5247633.29
2026-04,"Tori 21",0,0,0
2026-04,"Track",2746651.46,1109868.93,1636782.53
2026-04,"Trígono",7829.63,1979676.02,-1971846.39
2026-04,"Turim",0,0,0
2026-04,"UBS",71306889.01,135697438.38,-64390549.37
2026-04,"Valia",1063085.7,1034149.27,28936.43
2026-04,"Valora",150000,45043027.37,-44893027.37
2026-04,"Vêneto",0,5000000,-5000000
2026-04,"Vinci",0,95241961.39,-95241961.39
2026-04,"Vinland",49362567.42,495162593.38,-445800025.96
2026-04,"WHG",332000,691600,-359600
2026-04,"XPG",76835378.34,236679980.03,-159844601.69
2026-04,"YVY",1680589.8,3529875.01,-1849285.21
2026-05,"4UM",0,0,0
2026-05,"Absolute",266110255.89,1836110885.3,-1570000629.41
2026-05,"Ace",116284.76,3373000,-3256715.24
2026-05,"AF Invest",0,0,0
2026-05,"Altera",91235000,146005000.01,-54770000.01
2026-05,"Andbank",0,0,0
2026-05,"ARX",113128352.75,734722195.26,-621593842.51
2026-05,"ASA",908507,11005090.63,-10096583.63
2026-05,"Asset 1",0,24141092.37,-24141092.37
2026-05,"Atena",202000,0,202000
2026-05,"Augme",565753.03,88735111.25,-88169358.22
2026-05,"AZ Quest",316067292.7,40343627.73,275723664.97
2026-05,"BB Asset",87233750.1,1352536240.63,-1265302490.53
2026-05,"BBM Asset",1781892.37,929118.56,852773.81
2026-05,"BDR",0,0,0
2026-05,"Black Swan",0,97376.73,-97376.73
2026-05,"Bocaina",7727430,19813002.76,-12085572.76
2026-05,"BR Partners",5000000,130000,4870000
2026-05,"Brainvest",0,0,0
2026-05,"BRAM",272868311.74,1787183522.18,-1514315210.44
2026-05,"BTG Asset",69709833.61,876577764.03,-806867930.42
2026-05,"BTG WM",107469938.37,220520189.79,-113050251.42
2026-05,"Butiá",7117.97,79522.48,-72404.51
2026-05,"BV Asset",0,0,0
2026-05,"Capitânia",5213304.82,78228604.19,-73015299.37
2026-05,"Citrino",0,0,0
2026-05,"Daycoval",84007889.26,6133897.88,77873991.38
2026-05,"Daycoval Asset",5000000,0,5000000
2026-05,"Douro",0,5200000,-5200000
2026-05,"Drys",0,1100000,-1100000
2026-05,"EQI",229232.44,26805462.9,-26576230.46
2026-05,"Être-Davos",0,0,0
2026-05,"Exes",0,200000,-200000
2026-05,"FAR",0,322716.72,-322716.72
2026-05,"Franklin Templeton",0,0,0
2026-05,"G5",24631503.61,17298361.67,7333141.94
2026-05,"Galapagos",680000,3715380.04,-3035380.04
2026-05,"Galt",0,47000,-47000
2026-05,"Heritage",8000000,0,8000000
2026-05,"IAM",752278452.67,3029356621.33,-2277078168.66
2026-05,"Ibuina",14952801.8,166453065.02,-151500263.22
2026-05,"Icatu",29057211.3,319919158.53,-290861947.23
2026-05,"Inter",10297429.05,103648159.32,-93350730.27
2026-05,"Iridium",1183035.56,1304289.77,-121254.21
2026-05,"Jera",0,0,0
2026-05,"JGP",29151146.54,284528349.29,-255377202.75
2026-05,"Jive",0,5260000,-5260000
2026-05,"Journey",254799.91,6189967.75,-5935167.84
2026-05,"Kinea",54700007.13,139835742.37,-85135735.24
2026-05,"Lakewood",0,1000000,-1000000
2026-05,"Legacy",26137175.03,480728875.19,-454591700.16
2026-05,"MAG",714000,0,714000
2026-05,"Maud",446483,350000,96483
2026-05,"Mirabaud",542307.87,160383.23,381924.64
2026-05,"MMZR",0,0,0
2026-05,"Monte Azul",0,0,0
2026-05,"Monte Bravo",0,0,0
2026-05,"Navi",0,0,0
2026-05,"Newave",12433.66,0,12433.66
2026-05,"Nikos",1535981.63,35842594.61,-34306612.98
2026-05,"Novus",3390000,8699999.99,-5309999.99
2026-05,"Nu Asset",0,1120000,-1120000
2026-05,"Occam",48354438,128383360.6,-80028922.6
2026-05,"Opportunity",6140000,0,6140000
2026-05,"Oriz",303120.65,2665000,-2361879.35
2026-05,"Paramis",0,2829999.99,-2829999.99
2026-05,"Pátria",0,432703.45,-432703.45
2026-05,"Perfin",0,0,0
2026-05,"Persevera",2571771.66,3815000,-1243228.34
2026-05,"Plural",7823719,205407802.08,-197584083.08
2026-05,"Porto Asset",4800966.99,7739833.7,-2938866.71
2026-05,"Portofino",2017910.29,0,2017910.29
2026-05,"Principal",0,0,0
2026-05,"Proteus",0,490414917.94,-490414917.94
2026-05,"Rafter",825000,20892393.33,-20067393.33
2026-05,"RB Asset",20520000,215300746,-194780746
2026-05,"RBR",0,0,0
2026-05,"Rio Bravo",44891.1,6315149.67,-6270258.57
2026-05,"Riza",1581009.4,87081628.23,-85500618.83
2026-05,"Root",0,0,0
2026-05,"Rubik",0,0,0
2026-05,"Safra Asset",76886352.27,385970161.29,-309083809.02
2026-05,"SAM",1298272881.9,1241294600,56978281.9
2026-05,"San WM",64872645.08,95929391.39,-31056746.31
2026-05,"Scalare",7900000,8500000.01,-600000.01
2026-05,"Seven Pounds",0,0,0
2026-05,"Somma",109317.27,1720092.15,-1610774.88
2026-05,"Sonata",0,0,0
2026-05,"Sparta",44024650.96,397435722.51,-353411071.55
2026-05,"SPX",11407810.76,224058118.43,-212650307.67
2026-05,"Sten",79988918.77,13729751.78,66259166.99
2026-05,"STK",0,0,0
2026-05,"Sulamérica",8404401.52,53552970.8,-45148569.28
2026-05,"Suno",0,1370000,-1370000
2026-05,"SVN",8717346.06,32651048.66,-23933702.6
2026-05,"SWM",418871.76,239729.24,179142.52
2026-05,"TAG",0,0,0
2026-05,"Tenax",5429833.71,25134203.23,-19704369.52
2026-05,"Tivio",7000,2182749.73,-2175749.73
2026-05,"Tori 21",0,0,0
2026-05,"Track",2270736.19,898428.97,1372307.22
2026-05,"Trígono",6775000,60000,6715000
2026-05,"Turim",0,20000000,-20000000
2026-05,"UBS",19642402.13,296009810.38,-276367408.25
2026-05,"Valia",1586398.88,1583172.19,3226.69
2026-05,"Valora",0,94874734.07,-94874734.07
2026-05,"Vêneto",0,7000000,-7000000
2026-05,"Vinci",0,95805874.81,-95805874.81
2026-05,"Vinland",62006789.77,709334413.26,-647327623.49
2026-05,"WHG",2540243.5,1906000,634243.5
2026-05,"XPG",33188118.8,396383352.18,-363195233.38
2026-05,"YVY",0,0,0
2026-06,"4UM",0,1240000,-1240000
2026-06,"Absolute",158046783.6,1145912399.6,-987865616
2026-06,"Ace",182309.57,4030081,-3847771.43
2026-06,"AF Invest",0,0,0
2026-06,"Altera",4872000,40508383.21,-35636383.21
2026-06,"Andbank",0,0,0
2026-06,"ARX",171498546.62,623576709.84,-452078163.22
2026-06,"ASA",236800,312404.68,-75604.68
2026-06,"Asset 1",235000,12295000,-12060000
2026-06,"Atena",2000,0,2000
2026-06,"Augme",2141047.8,57072752.59,-54931704.79
2026-06,"AZ Quest",15004953.78,33443104.25,-18438150.47
2026-06,"BB Asset",407013574.34,1028850594.14,-621837019.8
2026-06,"BBM Asset",2577196.4,20573783.92,-17996587.52
2026-06,"BDR",0,0,0
2026-06,"Black Swan",0,0,0
2026-06,"Bocaina",8420915.66,17615000.01,-9194084.35
2026-06,"BR Partners",0,130000,-130000
2026-06,"Brainvest",0,0,0
2026-06,"BRAM",707370937.64,2006568798.13,-1299197860.49
2026-06,"BTG Asset",379228273.58,517021037.18,-137792763.6
2026-06,"BTG WM",229640014.15,421640141.27,-192000127.12
2026-06,"Butiá",5788.23,190207.05,-184418.82
2026-06,"BV Asset",21000000,0,21000000
2026-06,"Capitânia",40489002.99,207650722.99,-167161720
2026-06,"Citrino",0,0,0
2026-06,"Daycoval",18734073.05,3417900.31,15316172.74
2026-06,"Daycoval Asset",0,0,0
2026-06,"Douro",0,9000000,-9000000
2026-06,"Drys",0,200000,-200000
2026-06,"EQI",516677.46,12058195.21,-11541517.75
2026-06,"Être-Davos",0,0,0
2026-06,"Exes",0,400000,-400000
2026-06,"FAR",6080,260644.65,-254564.65
2026-06,"Franklin Templeton",0,0,0
2026-06,"G5",20789621.83,18632897.41,2156724.42
2026-06,"Galapagos",60000,3716676.54,-3656676.54
2026-06,"Galt",0,50000,-50000
2026-06,"Heritage",2500000,6700000,-4200000
2026-06,"IAM",526441063.86,2829356740.51,-2302915676.65
2026-06,"Ibuina",28513178.89,199604125.59,-171090946.7
2026-06,"Icatu",62626797.89,436486597.88,-373859799.99
2026-06,"Inter",8997827.73,65888888.79,-56891061.06
2026-06,"Iridium",769060.19,2993612.08,-2224551.89
2026-06,"Jera",0,0,0
2026-06,"JGP",46422812.8,221413267.1,-174990454.3
2026-06,"Jive",0,0,0
2026-06,"Journey",3722073.38,3888032.52,-165959.14
2026-06,"Kinea",9347067.34,75500453.32,-66153385.98
2026-06,"Lakewood",0,0,0
2026-06,"Legacy",35266532.29,385218673.44,-349952141.15
2026-06,"MAG",0,0,0
2026-06,"Maud",0,0,0
2026-06,"Mirabaud",634946.7,0,634946.7
2026-06,"MMZR",0,0,0
2026-06,"Monte Azul",0,0,0
2026-06,"Monte Bravo",0,0,0
2026-06,"Navi",0,0,0
2026-06,"Newave",0,0,0
2026-06,"Nikos",1458810.54,37886626.44,-36427815.9
2026-06,"Novus",500000,25479999.99,-24979999.99
2026-06,"Nu Asset",0,1120000,-1120000
2026-06,"Occam",426380364.53,126161840.56,300218523.97
2026-06,"Opportunity",0,0,0
2026-06,"Oriz",4931960.48,0,4931960.48
2026-06,"Paramis",0,4919999.99,-4919999.99
2026-06,"Pátria",0,425000,-425000
2026-06,"Perfin",0,0,0
2026-06,"Persevera",1000000,0,1000000
2026-06,"Plural",47031214.99,169039762.14,-122008547.15
2026-06,"Porto Asset",1118312.5,4343333.34,-3225020.84
2026-06,"Portofino",0,0,0
2026-06,"Principal",0,103269.36,-103269.36
2026-06,"Proteus",0,245512666.66,-245512666.66
2026-06,"Rafter",5416088.13,7968791.79,-2552703.66
2026-06,"RB Asset",29466966.92,123355853,-93888886.08
2026-06,"RBR",0,0,0
2026-06,"Rio Bravo",1289.41,4348851,-4347561.59
2026-06,"Riza",1640000,60746162.58,-59106162.58
2026-06,"Root",0,0,0
2026-06,"Rubik",0,10000,-10000
2026-06,"Safra Asset",2263624129.45,1469020981.61,794603147.84
2026-06,"SAM",1574617664.03,2711659241.05,-1137041577.02
2026-06,"San WM",158803449.3,163616404.23,-4812954.93
2026-06,"Scalare",2400000,31450000.01,-29050000.01
2026-06,"Seven Pounds",0,0,0
2026-06,"Somma",1040875,1053424.95,-12549.95
2026-06,"Sonata",0,4500000,-4500000
2026-06,"Sparta",53709818.56,352053109.09,-298343290.53
2026-06,"SPX",29655160.52,174454992.35,-144799831.83
2026-06,"Sten",11583740.66,50000,11533740.66
2026-06,"STK",0,0,0
2026-06,"Sulamérica",14358769.82,29504257.07,-15145487.25
2026-06,"Suno",1450000,2700000,-1250000
2026-06,"SVN",5120897.58,34932181.69,-29811284.11
2026-06,"SWM",1429473.3,1490127.49,-60654.19
2026-06,"TAG",0,0,0
2026-06,"Tenax",3906431.79,19242622,-15336190.21
2026-06,"Tivio",0,913015.29,-913015.29
2026-06,"Tori 21",0,0,0
2026-06,"Track",5666969.47,1083954.65,4583014.82
2026-06,"Trígono",2567.85,24078145.83,-24075577.98
2026-06,"Turim",600000,0,600000
2026-06,"UBS",20440721.42,110960540.4,-90519818.98
2026-06,"Valia",1494764.01,1494764.01,0
2026-06,"Valora",1049218.13,68161775.85,-67112557.72
2026-06,"Vêneto",0,5000000,-5000000
2026-06,"Vinci",1674218.13,52640936.42,-50966718.29
2026-06,"Vinland",48936253.11,563058733.12,-514122480.01
2026-06,"WHG",447309.82,188500,258809.82
2026-06,"XPG",47049487.09,356725851.08,-309676363.99
2026-06,"YVY",0,0,0
2026-07,"4UM",0,105000,-105000
2026-07,"Absolute",101582557.56,182166454.3,-80583896.74
2026-07,"Ace",300,283000,-282700
2026-07,"AF Invest",0,0,0
2026-07,"Altera",5000000,0,5000000
2026-07,"Andbank",0,0,0
2026-07,"ARX",45534888.63,141967746.04,-96432857.41
2026-07,"ASA",110768.89,237730.95,-126962.06
2026-07,"Asset 1",0,2242000,-2242000
2026-07,"Atena",0,175000,-175000
2026-07,"Augme",116782.56,9518839.59,-9402057.03
2026-07,"AZ Quest",2457292.31,16074172.4,-13616880.09
2026-07,"BB Asset",59146145.31,211157314.86,-152011169.55
2026-07,"BBM Asset",3860430.63,4462938.96,-602508.33
2026-07,"BDR",0,0,0
2026-07,"Black Swan",0,0,0
2026-07,"Bocaina",16872056.49,17203000.02,-330943.53
2026-07,"BR Partners",0,0,0
2026-07,"Brainvest",0,0,0
2026-07,"BRAM",206528700.25,396538180.24,-190009479.99
2026-07,"BTG Asset",62429486.32,116601533.95,-54172047.63
2026-07,"BTG WM",69226336.96,119515643.83,-50289306.87
2026-07,"Butiá",13559.52,117066.83,-103507.31
2026-07,"BV Asset",0,0,0
2026-07,"Capitânia",2478155.55,25630489.89,-23152334.34
2026-07,"Citrino",0,0,0
2026-07,"Daycoval",467539.71,5011337.7,-4543797.99
2026-07,"Daycoval Asset",0,0,0
2026-07,"Douro",0,2000000,-2000000
2026-07,"Drys",0,2250000,-2250000
2026-07,"EQI",2705948.61,1836313.7,869634.91
2026-07,"Être-Davos",0,0,0
2026-07,"Exes",0,300000,-300000
2026-07,"FAR",0,306351.66,-306351.66
2026-07,"Franklin Templeton",0,0,0
2026-07,"G5",8664000,12319507,-3655507
2026-07,"Galapagos",0,1620425.8,-1620425.8
2026-07,"Galt",0,45000,-45000
2026-07,"Heritage",0,0,0
2026-07,"IAM",305554558.52,618295163.08,-312740604.56
2026-07,"Ibuina",13139727.47,20956104.99,-7816377.52
2026-07,"Icatu",47544427.96,55694660.9,-8150232.94
2026-07,"Inter",3663167.6,18553171.39,-14890003.79
2026-07,"Iridium",139607.41,3442391.48,-3302784.07
2026-07,"Jera",0,0,0
2026-07,"JGP",124528701.17,48158934.18,76369766.99
2026-07,"Jive",0,6000000,-6000000
2026-07,"Journey",925591.25,1019324.61,-93733.36
2026-07,"Kinea",25492966.77,35369860.73,-9876893.96
2026-07,"Lakewood",0,603943.92,-603943.92
2026-07,"Legacy",10423544.91,91144588.38,-80721043.47
2026-07,"MAG",0,101154.97,-101154.97
2026-07,"Maud",415000,660109.3,-245109.3
2026-07,"Mirabaud",80000,500000,-420000
2026-07,"MMZR",0,0,0
2026-07,"Monte Azul",0,0,0
2026-07,"Monte Bravo",0,0,0
2026-07,"Navi",0,0,0
2026-07,"Newave",0,0,0
2026-07,"Nikos",883971.23,9210168.71,-8326197.48
2026-07,"Novus",0,9080000,-9080000
2026-07,"Nu Asset",0,1400000,-1400000
2026-07,"Occam",910516.51,17272145.6,-16361629.09
2026-07,"Opportunity",0,0,0
2026-07,"Oriz",4301172.77,474000,3827172.77
2026-07,"Paramis",425000,1560000,-1135000
2026-07,"Pátria",0,402000,-402000
2026-07,"Perfin",11900000,0,11900000
2026-07,"Persevera",0,0,0
2026-07,"Plural",16484923.4,32100831.91,-15615908.51
2026-07,"Porto Asset",148275.02,487045.71,-338770.69
2026-07,"Portofino",2000000,0,2000000
2026-07,"Principal",0,0,0
2026-07,"Proteus",0,62443600,-62443600
2026-07,"Rafter",998170.88,10381392.33,-9383221.45
2026-07,"RB Asset",5430000,19381496,-13951496
2026-07,"RBR",0,0,0
2026-07,"Rio Bravo",1800,2911223.78,-2909423.78
2026-07,"Riza",0,8297008.95,-8297008.95
2026-07,"Root",0,0,0
2026-07,"Rubik",0,0,0
2026-07,"Safra Asset",9708794.23,522750133.33,-513041339.1
2026-07,"SAM",35638973.96,279569317.77,-243930343.81
2026-07,"San WM",24038258.87,61469125.19,-37430866.32
2026-07,"Scalare",0,4115000,-4115000
2026-07,"Seven Pounds",0,0,0
2026-07,"Somma",0,216733.58,-216733.58
2026-07,"Sonata",0,500000,-500000
2026-07,"Sparta",42277913.34,122226890.29,-79948976.95
2026-07,"SPX",8426237.82,59688738.2,-51262500.38
2026-07,"Sten",5075420.82,0,5075420.82
2026-07,"STK",0,0,0
2026-07,"Sulamérica",6818665.64,5107605.93,1711059.71
2026-07,"Suno",600000,900000,-300000
2026-07,"SVN",1340954.65,11538334.28,-10197379.63
2026-07,"SWM",3197768.13,1716545.25,1481222.88
2026-07,"TAG",0,0,0
2026-07,"Tenax",905100,20490100,-19585000
2026-07,"Tivio",0,475637.17,-475637.17
2026-07,"Tori 21",0,0,0
2026-07,"Track",429470.28,73910.44,355559.84
2026-07,"Trígono",0,24000,-24000
2026-07,"Turim",0,0,0
2026-07,"UBS",2033911.81,31672018.08,-29638106.27
2026-07,"Valia",118058.63,118058.63,0
2026-07,"Valora",0,8039935.42,-8039935.42
2026-07,"Vêneto",0,0,0
2026-07,"Vinci",0,9084835.94,-9084835.94
2026-07,"Vinland",6209675.75,83741895.5,-77532219.75
2026-07,"WHG",12988.79,179500,-166511.21
2026-07,"XPG",24257907.15,87391365.44,-63133458.29
2026-07,"YVY",0,0,0
