CNPJ,Pct_Debentures
00322699000106,12.77
00832435000100,11.31
00852311000189,13.39
00888897000131,15.42
00974902000129,34.36
00977449000104,16.03
01361074000116,48.11
01380701000166,14.39
01597187000115,12.9
01630558000113,11.74
01822655000108,14.13
02224382000162,31.71
02296928000190,19.38
02846259000183,11.07
02998164000185,12.14
03099639000164,13.61
03369970000157,12.53
03389374000139,21.95
03960320000181,15.9
03960349000163,28.42
04087328000148,11.91
04113821000195,30.04
04228545000100,20.61
04240128000183,30.68
04356413000164,15.24
04501865000192,20.69
04511306000163,11.64
04573108000124,13.25
04587998000123,15.3
04588017000162,12.59
04618345000164,59.38
04621721000170,47.55
04764252000148,23.11
04786966000157,11.13
04841576000132,12.69
04875006000163,24.65
04885403000116,11.48
04885571000101,43.19
04899128000190,16.3
05018037000160,25.87
05108379000171,23.84
05508422000196,26.29
05615511000131,15.87
05615522000111,16.51
05642617000124,13.02
05755769000133,14.23
05832360000173,49.96
05922462000180,27.21
06015421000172,35.76
06066907000130,45.94
06077638000107,31.69
06086684000172,15.78
06866051000187,14.44
07593967000173,34.68
07889704000106,20.57
07900255000150,28.37
08252580000116,25.22
08608370000118,23.9
08708502000183,21.69
08814754000197,126.29
08868449000188,19.18
08960971000195,10.73
08960978000107,23.88
08984821000111,21.41
09083848000104,24.39
09087708000104,45.77
09087799000170,16.99
09136668000135,28.84
09181291000136,14.99
09329721000114,18.02
09418454000151,10.69
09484942000167,12.45
09522705000143,13.27
09523207000115,10.62
09543255000175,21.99
09577500000165,45.87
09639927000140,12.79
09720710000160,15.11
09720734000110,17.31
10220241000108,58.95
10264179000148,10
10264255000115,33.63
10322668000109,18.91
10326625000100,53.97
10347228000106,25.98
10355529000181,13.35
10551353000133,21.56
10643489000173,31.94
10813716000161,24.83
10843445000197,15.67
10948577000183,17.76
11039158000191,49.11
11121992000121,31.26
11225793000163,16.77
11248452000103,58.61
11308040000111,99.97
11435262000103,74.09
11435287000107,14.62
11447056000105,16.45
11447124000136,36.39
11447136000160,43.57
11508507000177,20.52
11555338000126,26.29
11690117000160,19.74
11839215000117,42.76
11952676000100,12.43
11961080000168,26.18
11961206000102,34.35
12059831000118,87.96
12412818000109,43.45
12698632000150,23.59
12796193000118,35.98
13030850000184,10.17
13049660000109,13.48
13058736000162,15
13106998000155,27.9
13400194000164,28.41
13411914000197,35.82
13425757000179,11.82
13454232000161,10.2
13455189000159,31.78
13492738000165,19.57
13596496000150,15.5
13823084000105,28.23
13935899000186,22.14
14146491000198,20.52
14158932000171,62.79
14188164000107,35.26
14399722000175,24.63
14399804000110,21.66
14466898000100,64.4
14473842000175,22.41
14491564000189,32.73
14491665000150,27.93
14557317000138,43.36
14843629000108,12.48
14843780000146,92.07
14880030000144,50.66
15174629000125,43.43
15207219000133,38.16
15259169000138,17.65
15350679000116,31.43
15398622000197,10.23
15487311000102,61.13
15612416000138,37.52
15675431000125,14.84
15675437000100,25.77
16599959000125,30.01
16703345000141,91.52
16916048000184,99.38
17041023000147,33
17051205000107,49.8
17072641000154,10.44
17072894000128,27.34
17138011000135,36.6
17138466000150,25.93
17138474000105,37.35
17225793000140,23.44
17329683000128,12.46
17329754000192,33.26
17329785000143,16.08
17339084000195,19.93
17689994000106,34.18
17898668000109,50.3
17913386000125,34.83
18007644000177,12.11
18086741000100,13.07
18428655000120,60.3
18599004000101,38.45
18679362000116,86.35
18679900000172,90.19
18685779000191,11.14
18719154000101,19.97
18814287000159,13.47
18814964000139,30.46
18816175000137,25.74
18990334000115,67.37
19038997000105,10.89
19366021000153,13.56
19390898000180,15.56
19413568000162,15.62
19436722000111,29.74
19436808000144,41.07
19531929000175,46.01
19550100000110,36.61
19657463000159,88.21
19675080000103,14.71
19718324000198,12.81
19719719000105,58.77
19719727000151,45.65
19770499000144,18.44
19782311000188,52.54
19831152000164,20.47
19941689000187,32.49
19941929000143,24.27
19959517000130,19.77
20146318000192,50.99
20155921000130,16.21
20231879000190,21.2
20468262000192,11.33
20468779000181,12.44
20519416000128,10.18
20519417000172,28.57
20584638000124,99.71
20726178000121,92.35
20833920000106,62.68
20833938000108,13.38
20833940000179,18.11
20879578000177,20.08
20887247000189,36.61
20889217000101,33.66
20889471000100,10.34
20889498000100,13.77
20889637000198,90.15
21015780000113,12.96
21040600000153,14.84
21082099000198,13.29
21336427000135,11.78
21336440000194,51.92
21596021000191,63.93
21613158000107,38.28
21762085000115,63.34
21791224000139,43.14
21888723000149,34.43
22013612000151,92.65
22041150000186,55.82
22118303000146,22.77
22232878000195,46.11
22759995000101,87.55
22985070000189,42.21
23034963000101,90.46
23186354000178,95.91
23225882000199,14.91
23225888000166,24.83
23272391000107,32.56
23376623000169,46.07
23502713000159,47.26
23556180000198,50.69
23556204000109,31.03
23631350000151,89.33
23714022000119,89.27
23731475000153,13.92
23738226000190,40.55
23748539000129,19.4
23781888000142,27.56
23884614000189,91.47
23884659000153,89.26
24011864000177,13.13
24018842000139,19.65
24068085000108,15.79
24215239000147,69.73
24215307000178,61.13
24270834000185,86.07
24444154000130,39.14
24552346000160,87.15
24572511000146,62.9
24601713000179,93.9
24658649000162,101.24
24986620000100,41.64
25036659000129,10.06
25079461000122,33.23
25097707000199,92.69
25234711000151,59.28
25307339000166,55.85
25341064000187,13.22
25682025000143,22.39
26142614000100,91.37
26143135000108,15.08
26171796000139,97.83
26171840000100,91.58
26173277000100,57.84
26173300000166,13.72
26313371000117,36.35
26313391000198,23.58
26324274000120,20
26324289000198,96.29
26362496000137,86.17
26370161000160,13.82
26374791000103,10.65
26491419000187,21.11
26498249000162,17.79
26525450000191,58.07
26605199000175,87.12
26664935000166,30.12
26703080000135,24.39
26725116000181,88.54
26725148000187,12.22
26751126000191,99.47
26773252000147,11.1
26803233000116,83.65
26845906000109,36.75
26861544000131,17.31
26978438000132,17.04
27036368000166,96.96
27250788000140,88.77
27293743000153,38.46
27565982000115,94.85
27566032000105,10.62
27782888000118,87.97
27826059000190,27.14
27880363000115,88.05
27883656000156,21.57
27927529000101,23.74
27928267000108,97.33
27974854000125,11
28206220000195,31.53
28259415000101,85.46
28320857000108,28.48
28454176000132,91.59
28581607000121,34.18
28648875000113,40.4
28651424000135,47.75
28767162000179,64.05
28788460000145,56.76
28840203000105,50.4
28851713000188,37.02
29044189000104,25.72
29106510000120,21.78
29109266000159,33.38
29157520000194,16.67
29196718000187,15.93
29250121000173,36.18
29259723000191,43.91
29259957000139,27.13
29626006000150,29.46
29722392000184,94.49
29733674000187,34.48
29734143000109,15.44
29983496000142,27.77
30056825000199,57.1
30102276000141,104.25
30330495000188,41.17
30338831000139,67.02
30338838000150,12.63
30353549000120,12.62
30392659000100,42.93
30453289000165,25.23
30493677000170,89.68
30506088000189,19.3
30521138000105,89.01
30521661000123,90.49
30521681000102,87.43
30556686000162,94.38
30568172000127,32.39
30568485000185,30.87
30568861000131,88.52
30593140000181,42.46
30608416000158,50.04
30618457000125,92.13
30630324000174,89.81
30665679000107,88.55
30676315000114,90.75
30869395000124,39.57
30877528000104,84.56
30998213000115,91.57
31094141000144,90.2
31120022000119,22.75
31120420000135,90.43
31217083000107,40.07
31247680000176,85.43
31247970000110,35.4
31248215000150,87.69
31457222000161,89.71
31611340000182,56.44
31615327000100,82.53
31908005000140,89.41
31908013000197,23.45
31961612000174,13.23
31962100000122,30.47
31963315000168,86.81
31963396000104,20.43
31964159000150,40.6
32044389000163,91.6
32044741000160,91.8
32044932000122,91.76
32045039000111,91.72
32045085000110,91.45
32045116000133,92.78
32075119000110,89.17
32158371000192,16.31
32159534000151,60.28
32225253000150,26.15
32225995000185,32.13
32312120000110,12.01
32312343000188,15.77
32312678000104,29.1
32319373000116,85.82
32319525000180,55.58
32320609000134,91.74
32385140000111,21.35
32388028000134,92.56
32388077000177,34.51
32397641000118,32.59
32485590000186,93.49
32666434000111,70.81
32711923000148,66.29
32742673000103,21.77
32760072000123,54.06
32770526000147,30.52
32771072000129,59.3
32811397000198,89.52
32862167000158,83.97
32864267000113,90.8
32893181000119,92.44
32990051000102,39.4
32999355000122,89.7
32999416000151,88.27
33342285000106,27.24
33422113000134,88.61
33520988000179,24.61
33599991000120,59.2
33701828000126,37.41
33768941000129,62.45
33768955000142,89.56
33842492000111,11.31
33953262000120,13.21
34080987000113,29.75
34081211000118,23.05
34109940000135,42.45
34143987000115,26.77
34172479000165,37.88
34172617000106,89.6
34200585000105,12.56
34270943000156,47.41
34369940000174,100.09
34370754000155,87.9
34431868000168,23.61
34447278000123,13.63
34474470000109,26.83
34474989000197,20.65
34475149000149,24.51
34476006000151,48.9
34488907000163,47.89
34525051000159,29.52
34613727000166,48.17
34626618000183,86.19
34657939000145,10.36
34681760000123,89.63
34706691000165,94.13
34738303000128,89.86
34781259000139,37.13
34792037000111,88.56
34793170000192,86.35
34799162000153,47.41
34799393000167,29.44
34799490000150,91.9
34962302000162,36.34
35001422000166,44.17
35120235000100,12.38
35377709000195,91.47
35377796000180,33.61
35399404000184,26.53
35435878000134,17.84
35491073000108,90.95
35491217000126,43.8
35500650000180,59.05
35502503000140,94.4
35535754000120,76.06
35600771000102,18.98
35609382000130,47.83
35646238000173,23.98
35650677000150,91.61
35700232000137,94.62
35755062000198,75.34
35765444000100,28.66
35803277000137,44.59
35820685000105,31.51
35844780000130,26.25
35916343000185,12.08
35916528000190,13.21
35927084000198,17.57
35927331000156,32.54
36015218000167,12.29
36017195000120,37.83
36178962000182,69.9
36181909000130,18.69
36233973000118,41.3
36247749000185,52.12
36295878000149,46.74
36318479000156,38.06
36327365000172,16.08
36352346000104,48.81
36352509000140,46.39
36368438000174,13.52
36498670000127,30.98
36499357000103,11.09
36517858000175,22.19
36518029000107,79.09
36521640000194,44.78
36521676000178,21.61
36521686000103,36.5
36521750000156,39.3
36532178000120,125.43
36617679000100,46.82
36620786000197,30.53
36671861000149,29.48
36729801000130,93.51
36947635000148,56.89
37008673000106,11.58
37037999000153,68.84
37099037000129,30.27
37235948000136,40.48
37253989000155,35.25
37266789000137,21.43
37267132000194,42.21
37319367000182,40.43
37319460000197,91.2
37322048000126,35.54
37331175000191,39.59
37368078000173,67.74
37440121000164,20.21
37452819000108,28.56
37467474000158,13.85
37539419000126,17.71
37541412000149,91.93
37567174000140,95.03
37626651000100,45.92
37728016000125,90.87
37750682000160,88.08
37780270000172,11.12
37805950000101,29.98
37828591000108,92.6
37842935000125,18.29
37887955000112,13.11
37893242000161,91.98
37893263000187,90.68
37893354000112,84.83
37895276000195,54.22
37899720000140,39.49
38026869000188,32.83
38111943000164,11.53
38120661000123,12.16
38150833000101,37.83
38195881000116,15.83
38230040000100,38.66
38439714000173,29.71
38489240000174,91.37
38542842000148,46.56
38653941000105,45.06
38658114000104,84.59
39152991000163,16.16
39255769000196,87.62
39314609000170,10.07
39316768000104,46.51
39354788000170,15.17
39375554000109,12.33
39487617000119,47.42
39488674000112,12.32
39488907000187,30.09
39502502000156,24.45
39511694000167,19.67
39511976000164,88.2
39573262000180,10.9
39682386000102,35.66
39703214000160,87.53
39723106000159,89.49
39958460000162,25.59
40022460000135,60.84
40054529000102,94.35
40101519000180,91.18
40142060000163,36.03
40152515000121,18.17
40152982000151,20.35
40153085000162,30.88
40156669000191,29.67
40194274000183,38.65
40194279000106,45.93
40219186000199,27.79
40226109000166,11.42
40413612000120,19.84
40456260000190,48.4
40456283000103,28.32
40476059000175,38.88
40764095000134,33.72
40815606000108,52.2
40832863000140,16.37
40897052000127,91.47
40897658000162,35.5
40963283000191,14.24
40963311000170,89.57
41083033000120,15.11
41091044000151,88.33
41128444000194,52.13
41163523000136,95.48
41300683000180,89.25
41348601000177,16.04
41348664000123,29.36
41348781000197,30.44
41348869000109,27.71
41348917000169,23.96
41349195000167,24.85
41349248000140,31.14
41373706000186,90.67
41392136000171,94.24
41394902000137,94.99
41395293000130,94.36
41395322000164,91.71
41544993000140,15.31
41545043000130,43.8
41545586000157,50.14
41575809000129,27.41
41579176000127,22.77
41594289000100,108.86
41601781000157,19.87
41610520000101,12.44
41610657000158,31.92
41649957000140,29.06
41672242000109,11.36
41672376000120,23.73
41681275000115,53.7
41681780000160,19.76
41687130000121,95.88
41687175000104,92.03
41709727000120,32.93
41710510000130,94.34
41710563000150,96.68
41710798000142,13.94
41714349000172,88.3
41722175000190,51.34
41727038000148,15.16
41734999000180,58.41
41736548000181,48.78
41756159000118,35.19
41763312000134,91.62
41763320000180,91.66
41774687000108,54.89
41776635000162,91.45
41776707000171,40.88
41776781000198,33.92
41837419000180,14.27
41837660000109,38
41837736000104,22.03
41853314000114,89.47
41867517000160,55.15
41881271000180,37.11
41888721000167,16.76
41953322000132,90.53
41978506000157,28.33
41994712000150,73.35
42014178000131,48.8
42044315000180,52.33
42046759000155,15.37
42066551000106,12.4
42066694000100,88.08
42066755000139,73.22
42102181000107,87.47
42119476000196,31.82
42154270000105,91.51
42195812000180,90.84
42195828000192,94.84
42195916000194,94.3
42217140000166,86.88
42220374000162,13.08
42220446000171,28.62
42221412000100,91.36
42229399000127,26.34
42246480000115,29.56
42264017000104,51.14
42282188000158,44.37
42287499000100,59.49
42287704000137,60.14
42294333000110,15.99
42295379000154,12.7
42298805000103,88.48
42298902000104,87.98
42321494000156,91.88
42321520000146,72.33
42378579000170,77.95
42411555000176,88.88
42417749000189,31.07
42418908000160,11
42420560000145,89.6
42420671000151,90.52
42420740000127,87.53
42447172000158,87.9
42447197000151,89.83
42449373000194,16.2
42449381000130,16.76
42535073000128,51.1
42592438000156,88.29
42619279000136,89.62
42682169000119,18.7
42682358000191,29.99
42682380000131,28.45
42682447000138,29.32
42698876000101,87.8
42699050000159,53.55
42716764000128,10.91
42717986000165,50.03
42730970000192,16.89
42736995000101,40.04
42747172000173,35.46
42774252000118,30.84
42774301000112,88.73
42777239000112,34.6
42813715000103,10.55
42813742000186,25.96
42813751000177,26.73
42814769000193,12.24
42814813000165,44.95
42814944000142,43.9
42827176000161,21.06
42847253000145,36.85
42847342000191,37.16
42847484000159,13.63
42848014000100,37.37
42865247000110,32.28
42865719000135,18.46
42870959000128,52.4
42921777000139,11.28
42922268000120,47.39
42934049000161,45.9
43103846000160,39.31
43122009000188,91.44
43122017000124,94.38
43122073000169,94.33
43122090000104,91.64
43140450000192,90.38
43140638000130,96.3
43140750000171,11.8
43164438000118,48.44
43165507000108,10.17
43450518000130,16.2
43508859000119,36.31
43584015000157,16.85
43584575000101,17.54
43584990000165,17.63
43597393000175,21.01
43619743000157,28.86
43631871000116,18.09
43636043000170,10.44
43636081000123,15.79
43636102000100,21.07
43737615000108,34.06
43758715000110,88.58
43760546000153,33.15
43778949000120,30.98
43790923000105,12.57
43790956000147,11.76
43915486000109,42.79
43960245000173,10.61
44025131000107,36.14
44109989000141,10.32
44110011000108,11.26
44196930000138,47.4
44211989000158,39.38
44212092000149,26.1
44212217000130,23.42
44212301000154,52.26
44212650000176,87.23
44229743000103,88.9
44229915000149,91.61
44230868000153,42.09
44271539000150,84.82
44271594000140,73.31
44283966000159,11.58
44315864000178,87.77
44347394000124,38.99
44360319000101,94.97
44361134000103,94.77
44371942000151,19.55
44409284000140,19.41
44409359000192,10.24
44417248000128,91.15
44434922000182,16.82
44458613000142,12.24
44459125000150,16.81
44574326000106,43.57
44672489000113,14.15
44672936000134,19.96
44703439000156,27.96
44748987000100,22.63
44764166000150,40.06
44835820000179,34.47
44870067000152,47.83
44900549000108,14.13
44903727000154,19.73
44917374000141,21.97
44917400000131,14.27
44917472000189,25.64
44917492000150,36.46
44960766000193,35.97
44967444000176,21.25
44977584000125,27.02
44980461000143,32.43
45019458000120,94.97
45081662000171,87.68
45081835000151,91.17
45088665000137,90.95
45103998000198,17.83
45104170000154,21.39
45147116000196,19.07
45295157000120,36.42
45295606000130,54.01
45302406000167,38.49
45354855000159,93.33
45386487000120,28.95
45443993000104,46.17
45444067000153,40.89
45444101000190,30.06
45494496000135,35.79
45511206000114,36.53
45642714000131,36.03
45645190000132,20.5
45646162000130,47.2
45646230000160,49.15
45656777000147,29.24
45682244000130,26.33
45683322000110,62.8
45688098000150,27.33
45722996000187,44.01
45726917000106,18.38
45756554000151,41.29
45912093000169,94.17
45912178000147,93.52
46082347000121,14.44
46098742000100,97.55
46098916000127,31.26
46099626000106,26.65
46172369000182,89.24
46246589000103,21.4
46328602000173,46.98
46329357000119,74.07
46332105000149,34.86
46334681000125,13.96
46373760000145,40.83
46385360000150,45.01
46401052000170,59.24
46415283000133,27.07
46423681000100,90.38
46438835000129,90.1
46438863000146,88.76
46449438000152,88.09
46449621000158,11.63
46467107000145,11.94
46474477000100,87.29
46479870000196,89.32
46503160000154,87.57
46539506000174,32.51
46573364000161,94.03
46655366000108,87.93
46685489000183,27.03
46685502000102,24.58
46700364000185,27.79
46762380000100,32.53
46762699000128,26.62
46763213000176,33.48
46975474000150,79.41
46975834000113,10.03
46997370000146,22.77
46997395000140,39.92
47020699000115,15.09
47086196000142,39.9
47102746000170,92.78
47212494000131,22.05
47227609000161,100.13
47443943000152,39.25
47457540000162,92.92
47457832000103,100.13
47512582000159,90.93
47540095000108,35.29
47540226000149,87.93
47543107000140,20.91
47543238000127,18.64
47562268000180,98.2
47586388000118,46.06
47586467000129,86.05
47586503000154,37.79
47610743000147,93.94
47612777000170,40.87
47628822000185,14.21
47628885000131,97.09
47628918000143,41.79
47698578000127,96.91
47715736000100,17.83
47716553000109,69.01
47728212000153,25.17
47729760000106,17.1
47730898000117,99.5
47776713000105,96.57
48133419000148,87.08
48393053000146,94.51
48411732000109,27.75
48553311000104,86.9
48554073000151,84.57
48554212000147,88.15
48554260000135,90.72
48658513000110,45.08
48670714000133,10.68
48766978000195,74.79
48884731000173,92.42
48948661000170,29.75
48953198000154,53.74
48969047000194,87.78
48969700000115,91.6
48969821000167,93.13
48970212000128,93.64
48975466000139,41.02
48986296000198,45.47
49001109000132,90.36
49001440000152,88.27
49077283000169,16.25
49115219000125,91.5
49124184000190,28.59
49178674000170,25.51
49227505000182,24.21
49269925000121,23.47
49270021000116,37.61
49289104000157,122.55
49328341000180,32.55
49366532000136,26.22
49414058000170,93.87
49438428000100,35.83
49454180000170,10.1
49460236000108,51.5
49489422000161,91.56
49558667000101,50.42
49559434000115,42.66
49598896000141,84.37
49624023000166,91.27
49633643000161,54.67
49647912000149,23.37
49768506000134,55
49818870000161,32.91
49827171000188,81.72
49843141000165,93.69
49851069000118,20.44
49920429000196,94.39
49924950000100,34.2
49931360000104,15.42
49933828000191,31.88
49977033000185,37.78
49980566000116,37.92
50006439000108,77.26
50019162000140,90.9
50038992000114,71.61
50039659000120,94.46
50067989000129,90.09
50069605000107,44.71
50074358000137,94.39
50076958000134,91.51
50099740000103,88.72
50112294000111,41.16
50116962000189,86.84
50128371000121,13.77
50190791000138,98.06
50191322000133,88.07
50198930000170,91.29
50223269000105,26.27
50272216000184,93.82
50290023000156,94.74
50320512000103,80.32
50326147000144,44.93
50349168000185,94.4
50390553000176,89.78
50421373000104,10.6
50435660000173,90.11
50514867000133,47.75
50553108000180,25.02
50563729000144,92.58
50622383000108,68.48
50642928000148,94.26
50652489000154,86.43
50658258000158,94.52
50677561000106,18.8
50678270000124,88.87
50697486000137,24.82
50705390000173,94.78
50717653000164,18.79
50733585000127,94.79
50765209000114,93.66
50765883000107,42.51
50799566000101,50.26
50803491000187,25.49
50817290000139,88.33
50820465000167,37.11
50840386000118,88
50860797000175,92.68
50861003000198,87.88
50862124000154,82.31
50868823000101,90.94
50874219000198,47.74
50875116000142,13.52
50879270000192,93.96
50890486000159,94.44
50891130000130,88.58
50910444000132,94.41
50925001000115,27.45
50926512000151,92.47
50926941000129,94.41
50927112000160,93.26
50946766000131,94.6
50979958000144,94.83
51010435000158,95.68
51024922000170,93.68
51033302000105,94.55
51041048000189,17.48
51058091000157,92.51
51063538000186,74.25
51075995000190,48.5
51096061000135,89.8
51112915000120,86.56
51161157000130,94.79
51168708000197,99.94
51181910000159,94.39
51200543000193,35.91
51234049000140,43.66
51238218000110,44
51278597000171,96.67
51289474000136,40.21
51304522000118,94.47
51334511000180,91
51357586000187,90.42
51365675000175,94.75
51378137000115,49.41
51381641000174,94.78
51383310000173,94.81
51389786000111,91.47
51476823000129,94.8
51487766000183,92.75
51507955000170,98.66
51511514000142,11.12
51516067000114,94.35
51538282000116,46.06
51555270000108,90.25
51556889000129,18.82
51572183000150,86.4
51604570000121,88.87
51623321000183,30.94
51637707000144,94.38
51637886000110,92.18
51661677000101,94.73
51697128000197,79.03
51710645000159,93.6
51714018000196,27.76
51726488000170,42.39
51766295000142,92.96
51800853000149,56.49
51825326000199,22.53
51853123000106,55.22
51863123000197,46.33
51863845000141,49.75
51868939000103,94.77
51885543000174,21.52
51903744000157,46.57
51924043000102,92.08
51928186000184,73.9
51942073000133,11.67
51959820000146,87.6
51977823000102,87.17
51982216000130,90.83
52046394000112,94.72
52071627000137,91.23
52096571000175,89.69
52111528000131,90.09
52115449000107,40.29
52133916000113,94.33
52151437000120,91.58
52155255000127,20.44
52163627000167,12.22
52164607000100,13.5
52188815000140,77.84
52195023000100,13.83
52203642000191,12.93
52203762000199,13.26
52204076000132,62.75
52216276000105,91.45
52221407000142,42.23
52225340000114,38.55
52234145000150,90.45
52237532000140,49.89
52241587000124,26.34
52248139000152,89.21
52249657000190,25.68
52259352000160,92.59
52259535000185,93.97
52268697000180,16.41
52272425000153,79.98
52272566000176,17.5
52272574000112,40.55
52272665000158,76.28
52272755000149,97.53
52272792000157,68.68
52273340000190,35.49
52273351000170,21.31
52276849000196,91.55
52279344000185,94.52
52280783000108,40.32
52285828000137,94.74
52301436000114,44.85
52305889000119,100.53
52319866000163,13.3
52324362000131,42.32
52333139000150,25.46
52342478000101,65.84
52449950000100,87.23
52459972000142,94.35
52479263000129,24.92
52562077000159,86.17
52578153000114,89.36
52580782000189,26.69
52699397000155,94.76
52770900000111,89.98
52771267000186,14.87
52791573000184,88.16
52792067000100,86.63
52810847000135,88.67
52837350000100,91.46
52840769000111,54.2
52842303000155,88.81
52854925000101,88.37
52875912000100,88.61
52878009000101,68.26
52879059000103,106.39
52882840000129,95.17
52892279000169,94.34
52909503000188,94.78
52909821000149,89.49
52910190000188,95.91
52910681000129,94.77
52950174000119,88.33
52953507000163,83.04
52954432000135,24.6
52955321000143,27.4
52962653000155,83.63
52962690000163,94.09
52962863000143,93.29
52963364000170,82.39
52963512000157,75.71
52963564000123,78.37
52968244000166,91.14
52982533000110,94.79
52984620000106,92.03
52984692000153,94.44
52984696000131,71.53
52984741000158,75.65
52984744000191,90.84
52985141000104,87.21
52986103000176,47.35
52986251000190,30.12
52999105000108,83.48
53018805000129,94.4
53074013000171,93.58
53074033000142,13.37
53074532000130,90.99
53075427000115,87.89
53076690000129,39.52
53076975000160,31.98
53077797000191,89.83
53088893000135,38.66
53095152000181,64.16
53109614000172,12.25
53109857000100,93.19
53177632000191,90.88
53179684000105,94.79
53180560000131,88.57
53180706000149,98.11
53180845000172,71.33
53203274000144,91.11
53212784000188,56.69
53270406000150,88.6
53293548000133,76.66
53294214000184,94.76
53312814000128,94.8
53313437000141,94.79
53316565000149,91.2
53324036000197,87.81
53327343000121,94.8
53359596000187,93.28
53359716000146,91.53
53371769000182,63.3
53372590000140,89.79
53390524000100,94.23
53413051000101,89.68
53422599000118,114.43
53444176000107,21.64
53448154000107,94.37
53450033000108,52.54
53452110000150,82.19
53501945000153,90
53502091000120,16.55
53503230000130,94.34
53508773000140,91.94
53509435000122,89.06
53520749000126,88.98
53537566000113,99.68
53552316000152,94.29
53553068000164,92.77
53553233000188,89.23
53558163000150,89.82
53602540000101,93.34
53604200000110,89.14
53623218000169,87.29
53623608000139,88
53635550000143,92.28
53636931000147,64.07
53644037000119,76.35
53655857000106,94.32
53657535000104,92.96
53670651000155,86.52
53670932000108,87.23
53675759000130,90.58
53692814000109,15.11
53726108000122,47.54
53739077000144,94.99
53759902000172,87.06
53766005000196,91.38
53775592000180,78.33
53775856000103,72.42
53776163000127,94.54
53776486000110,76.31
53776531000137,77.64
53776595000138,74.89
53798986000153,27.97
53802999000159,23.45
53803655000164,75.02
53819577000196,14.74
53823295000162,15.73
53827154000118,88.08
53827910000109,89.14
53828015000109,87.41
53828295000155,28.02
53828427000149,87.27
53842646000182,92.14
53847333000117,43.57
53857092000197,93.48
53857130000101,69
53858396000179,90.45
53865931000119,94.33
53906581000191,99.31
53906748000114,97.5
53906981000105,64.14
53909049000128,94.63
53921236000127,95.89
53922164000132,90.58
53926542000156,92.63
53962215000150,87.7
53962293000154,91.74
53962449000105,87
53962771000126,86.69
53969799000195,91.66
53971385000109,94.31
53980424000126,87.12
53980788000106,83.4
53989928000107,93.09
53990350000109,38.03
53990541000170,43.87
53991112000118,22.74
53991547000162,94
53991752000128,93.29
54005088000163,95.04
54006238000153,87.17
54007648000119,89.15
54007899000101,95.75
54008247000183,87.52
54008556000153,93.25
54008795000103,87.19
54008802000177,86.41
54008987000110,93.8
54020440000130,89.35
54021672000102,89.98
54022134000132,10.29
54023112000197,85.57
54025238000109,93.31
54026114000130,53.69
54029274000132,93.69
54047532000103,91.87
54047830000101,90.23
54048422000166,91.9
54062386000195,94.59
54065159000113,84.11
54070196000110,93.54
54070861000175,93.91
54070985000150,93.81
54072658000138,23.02
54092021000103,90.02
54104510000138,10.05
54104763000101,92.83
54106156000180,93.3
54106504000110,89.53
54114987000102,96.95
54115218000110,83.7
54115354000100,90.42
54124933000110,94.55
54125545000153,80.12
54128184000107,76.17
54130675000184,67.62
54133777000153,94.58
54149691000119,75.18
54150227000142,78.29
54151845000107,87.67
54152157000161,93.5
54169385000144,88.04
54170181000123,83.48
54170554000166,83.48
54173311000181,85.28
54174048000145,87.43
54179046000149,94.18
54200289000111,93.47
54200888000135,83.36
54212291000100,77.31
54217318000158,11.89
54217470000130,88.71
54227728000180,53.66
54228000000172,89.19
54233243000107,22.85
54235704000172,84.69
54237051000160,112.32
54248494000157,90.75
54251235000185,95.8
54252360000100,87.01
54272086000130,92.06
54277476000101,62.03
54277489000172,91.72
54277615000199,59.49
54278859000196,88.64
54279549000196,96.83
54292227000187,90.17
54313147000160,85.21
54322173000155,88.98
54332024000177,86.05
54333128000104,91.76
54333407000160,93.56
54333831000104,36.9
54334448000170,93.14
54334534000183,93.47
54334726000190,93.46
54334995000156,69.4
54341666000132,75.07
54345278000120,86.24
54347933000189,32.8
54350167000101,90.73
54350231000154,90.15
54365722000179,84.39
54366569000102,27.75
54367802000163,91.13
54367942000131,35.69
54374180000109,77.11
54381707000114,72.88
54384289000119,74.95
54384337000179,80.2
54384365000196,81.29
54384400000177,85.12
54384609000130,75.22
54384643000105,83.46
54384687000135,76.05
54384723000160,73.47
54384916000111,77.27
54385101000157,92.11
54391780000177,84.21
54405192000145,87.06
54407534000166,89.21
54409981000154,86.19
54410101000160,84.66
54410516000133,30.03
54422882000102,71.56
54426679000104,59.51
54436219000167,92.62
54438539000156,94.11
54440968000168,78.03
54441115000140,54.83
54463551000110,13.86
54463768000120,89.7
54465283000176,52.22
54485055000168,34.76
54486726000105,90.24
54487556000183,88.38
54487667000190,76.59
54487714000103,86.41
54487736000165,81.09
54487778000104,89.57
54496626000160,74.26
54501503000170,88.85
54517219000191,80.42
54518613000144,90.16
54518783000129,77.49
54518925000158,67.96
54541970000123,29.34
54542996000196,88.09
54546664000180,81.48
54546863000198,88.01
54547163000118,89.96
54547258000131,92.86
54558737000153,77.15
54564966000180,93.45
54566051000104,92.77
54566226000183,93.55
54582300000155,90.11
54584477000190,117.61
54599810000135,14.63
54600520000164,89.71
54601837000115,71.65
54602844000131,86.05
54602971000130,77.21
54603605000104,86.83
54617556000150,75.59
54617897000126,77.98
54618143000190,72.6
54618187000110,80.98
54643280000185,53.97
54643894000167,84.2
54643939000101,74.21
54644019000108,90.3
54644328000170,89.8
54644413000138,90.18
54644512000110,91.73
54660721000157,34.42
54680816000132,89.88
54710401000164,86.42
54713571000100,15.29
54713770000100,84.87
54715191000105,86.11
54715962000156,82.16
54745704000112,92.42
54754380000189,80.77
54758649000103,88.26
54760175000126,84.95
54760280000165,81.39
54760539000178,86.44
54773359000120,85.55
54776180000127,58.61
54779308000106,88.69
54779512000127,84.78
54779587000108,80.41
54779598000198,81.41
54779679000198,89.63
54788959000162,80.52
54793790000139,73.82
54794710000160,73.57
54794777000102,89.8
54794799000164,87.58
54794954000142,76.79
54803982000189,69.6
54811496000102,86.57
54813687000103,86.98
54834372000142,84.7
54835274000120,76.1
54853793000110,69.49
54854995000187,83.68
54855450000195,74.04
54856394000103,90.71
54872331000140,90.08
54873893000109,89.28
54875709000160,48
54883919000108,85.11
54884180000140,88.78
54888270000100,39.99
54893266000130,80.59
54893611000135,88.64
54893677000125,79.13
54900133000143,81.29
54904083000172,73.34
54909934000170,76.87
54910462000175,87.83
54910665000161,80.74
54912056000141,86.67
54931987000197,82.7
54936922000134,75.76
54952299000103,14.67
54952575000133,81.85
54954879000130,85.77
54973853000139,47.27
54976144000107,79.72
54976215000171,82.14
54976744000175,86.5
54979157000130,64.13
54980234000171,74.93
54996800000133,74.16
54996960000182,71.37
54997138000136,91.72
55018863000188,86.03
55019321000120,84.03
55019751000141,79.06
55020138000144,72.24
55020228000135,80.52
55030873000139,83.34
55035529000132,41.45
55036145000134,79.95
55052221000103,86.02
55052860000160,91.04
55052986000135,81.38
55053084000113,70.11
55053659000106,91.27
55054075000147,69.09
55064130000180,27.25
55068591000120,78.98
55068674000110,73.31
55068755000110,87.09
55068840000188,81.59
55068869000160,75.14
55068953000183,78.87
55069073000121,75.18
55069151000198,88.09
55069807000172,85.16
55073649000124,71.95
55083993000102,86.4
55087532000108,65.39
55088856000152,81.13
55089131000189,74.89
55101260000145,84.78
55101415000143,85.3
55105106000141,75.46
55109529000130,70.13
55109850000114,81.74
55110376000140,37.55
55110714000144,78.21
55111228000140,75.61
55111474000100,73.01
55111599000122,77.18
55112047000139,71.94
55112367000199,74.64
55112451000102,77.48
55112525000100,70.85
55112606000100,73.47
55117996000101,79.87
55121153000189,84.89
55126476000165,82.95
55136457000110,82.39
55138841000151,78.46
55140544000140,73.65
55140702000162,14.39
55144098000142,83.33
55144371000139,83.08
55150666000118,81.02
55159406000103,66.66
55160342000160,67.32
55161795000101,35.3
55161850000163,90.74
55162173000106,85.23
55162785000190,96.23
55172242000154,82.14
55172307000161,70.98
55172353000160,78.24
55176419000190,88.21
55176509000181,73.21
55176840000100,77.27
55177251000138,69.8
55193005000170,27.66
55196480000108,82.58
55196942000189,39.35
55213551000125,90.76
55215989000142,84.36
55217827000143,56.53
55230301000101,64.85
55231454000165,74.84
55237992000167,61.07
55240049000103,78.6
55240187000192,73.55
55250638000172,79.85
55250846000171,67.79
55253855000116,78.47
55263153000113,87.75
55264830000118,83.72
55267271000108,14.25
55274875000173,11.14
55274899000122,78.26
55275483000129,86.32
55299651000116,80.54
55299792000139,77.19
55315251000157,18.36
55317990000188,82.76
55323655000192,82.03
55342126000136,80.84
55344166000117,87.7
55347477000130,77.23
55348313000127,63.84
55360701000123,82.96
55379681000132,74.79
55381060000193,88.78
55382000000195,67.04
55382748000198,73.11
55384132000156,79.03
55387239000158,81.06
55392560000120,81.78
55392723000175,84.35
55392885000103,83.23
55393064000191,76.22
55402464000116,55.43
55435590000177,86.38
55437642000144,75.31
55437858000100,75.65
55444936000101,77.73
55459928000120,69.9
55465528000128,73.76
55466751000190,86.21
55466958000164,80.69
55467075000179,76.93
55467420000174,73.5
55477207000143,82.08
55477809000109,120.57
55485710000140,69.09
55488908000188,86.69
55490066000107,88.4
55502385000187,27.69
55505792000148,81.75
55506450000142,83.18
55507561000173,77.68
55507577000186,83.03
55507601000187,77.44
55515189000147,65.6
55521846000169,80.31
55536261000112,87.06
55536855000123,80.89
55538070000190,73.78
55538903000112,72.01
55539196000189,68.04
55539367000170,75.84
55550657000114,79.88
55562304000134,83.71
55563322000130,83.58
55563583000150,77.96
55572497000104,71.34
55574617000102,81.12
55575472000164,68.06
55580077000170,81.11
55582812000184,14.47
55588398000110,60.34
55597133000189,68.58
55597503000188,70.97
55600064000115,79.25
55615052000164,74.14
55618772000183,80.47
55627121000150,86.55
55632270000107,69.69
55647058000113,80.18
55652661000193,81.79
55665281000193,80.61
55674822000140,85.24
55675472000136,92.53
55685435000109,72.05
55689417000103,30.33
55701008000177,91.91
55704392000161,73.5
55708971000182,81.23
55726312000179,22.06
55746538000131,90.79
55750852000198,87.9
55751489000125,85.07
55751548000165,89.96
55751815000102,84.92
55751956000117,89.63
55753823000180,95.9
55754033000119,87.4
55754091000142,40.01
55754239000149,83.24
55761382000168,86.92
55761979000102,71.43
55763285000104,18.97
55767954000116,18.23
55768240000122,68.97
55772629000141,72.26
55808078000129,68.97
55826207000101,100.57
55839003000105,54.28
55861122000164,77.51
55892310000150,85.8
55892816000169,77.69
55893460000188,63.04
55894503000140,89.09
55894683000160,91.66
55895324000127,73.88
55896144000160,83.95
55897646000105,88.67
55898568000163,86.84
55898593000147,73.23
55898974000126,90.26
55899469000104,75.68
55911526000115,29.43
55911650000180,77.55
55912709000155,74.07
55914466000194,73.02
55927207000106,72.74
55928061000105,49.88
55937743000184,81.88
55937998000147,80.42
55939214000110,88.1
55939498000144,92.23
55940692000140,83.05
55945272000156,91.57
55946775000146,44.15
55956652000196,80.19
55981966000149,66.8
55983101000111,83.01
55984087000170,10.43
55994151000102,65.22
55994210000134,32.12
56004782000191,77.7
56022951000116,70.22
56033932000195,91.18
56033991000163,89.79
56046971000127,84.2
56047457000106,84.58
56047653000180,72.65
56049285000100,93.71
56052260000165,12.73
56052884000182,85.89
56053092000122,82.22
56053893000198,30.43
56060474000183,74.13
56067569000129,82.08
56067582000188,18.48
56088570000130,84.42
56089347000107,83.26
56093218000192,78.95
56105999000198,71.96
56108411000150,31.21
56127042000142,77
56149470000176,82.84
56154549000195,65.14
56159439000116,61.57
56171855000130,71.05
56174179000158,88.35
56174498000163,85.74
56174734000141,78.84
56174994000117,80.62
56175172000150,79.61
56185166000184,42.67
56199309000107,76.75
56224202000171,85.65
56224296000189,78.6
56281671000122,86.09
56283509000143,90.76
56284312000129,91.21
56285899000190,68.29
56321253000111,75.47
56343321000143,87.06
56365169000108,79.19
56365479000114,81.44
56377520000172,31.96
56388082000148,82.45
56388159000180,73.27
56388249000170,78.6
56388276000143,81.12
56431500000132,80.96
56431727000188,72.67
56504692000160,80.55
56544536000122,68.02
56544725000103,82.17
56545142000199,18.09
56608307000124,18.82
56658377000197,46.63
56659416000170,73.5
56690945000137,62.46
56706457000170,50.77
56706600000124,73.65
56707981000166,74.03
56726092000146,83.02
56778085000198,87.08
56848758000139,82.51
56862671000116,88.26
56879657000125,82.57
56886239000165,80.55
56886777000150,88.66
56912856000198,79.87
56926582000196,11.6
56934311000182,87.85
56935104000142,80.26
56942408000137,84.22
56951691000163,86.33
56953877000151,84.61
56953911000198,55.54
56955022000160,73.76
56955481000143,23.79
56973849000104,27.42
56974598000174,46.57
56984639000103,83.09
57009700000164,81.61
57009772000101,79.36
57010267000187,84.33
57017755000116,80.87
57018425000145,90.36
57030535000122,21.85
57032992000156,80.72
57033161000107,80.49
57035810000109,17.98
57035905000114,66.9
57039057000111,77.22
57046745000109,90.03
57049210000191,73.74
57061738000186,75.8
57070309000175,54.09
57074069000187,16.31
57075698000121,70.14
57088293000128,81.62
57088620000141,77.95
57110842000113,79.03
57113258000111,88.68
57119209000196,91.04
57134507000155,65.65
57136671000100,70.21
57137857000175,79.04
57138450000162,79.38
57138708000120,80.59
57151194000143,79.31
57154741000144,39.08
57158611000180,83.65
57173714000119,71.35
57190346000117,84.97
57190500000150,83.92
57190762000115,92.89
57204032000126,80.55
57226027000114,72.04
57249502000178,85.19
57249756000196,81.82
57264092000134,79.06
57279886000171,86.58
57279999000177,83.59
57280201000107,89.39
57280277000132,80.74
57280468000102,91.31
57285625000164,82.8
57285759000185,77.03
57300689000197,73.01
57323572000129,82.58
57324934000104,83.48
57340494000170,84.2
57340633000166,14.41
57341120000170,76.31
57341511000194,81.7
57341650000118,87.18
57342019000133,75.93
57346416000183,71.82
57375967000175,35.98
57378230000106,84.22
57378517000136,85.8
57395116000194,79.8
57395516000108,75
57395648000121,77.65
57400187000138,82.82
57400717000148,77.61
57400933000193,83.9
57416421000115,87.1
57435321000136,82.9
57439066000108,69.02
57449111000105,81.95
57466836000101,92.19
57473219000125,81.18
57473503000100,81.46
57473697000135,79.46
57474275000184,71.86
57474374000166,81.42
57492192000118,77.83
57499088000155,67.32
57499155000131,82.33
57512269000174,87.17
57512491000177,72.33
57527685000146,88.55
57527967000143,83.24
57531860000179,90.65
57535053000124,73.92
57535658000115,70.45
57536308000173,88.87
57536557000169,79.11
57536946000194,71.76
57537357000120,72.93
57552109000159,87.67
57552335000130,83.15
57555037000101,84.7
57555092000193,69.78
57561942000166,89.55
57565778000165,66.65
57566789000160,59.83
57569203000110,82.61
57591252000150,65.97
57591671000191,68.91
57613783000104,78.58
57626567000195,78.88
57627579000134,81.56
57628211000190,74.69
57629609000141,89.94
57636187000131,81.7
57639394000140,84.19
57641567000164,78.27
57654090000151,87.37
57662061000131,72.03
57662228000164,80.19
57681558000105,68.35
57681917000116,84.35
57682222000159,51.51
57699544000100,75.42
57706349000160,71.41
57711303000130,90.51
57711375000187,11.93
57713013000125,84.53
57713250000196,70.6
57714518000104,70.24
57714726000103,77.13
57719249000179,44.69
57733994000172,69.32
57738351000111,86.46
57744364000101,76.55
57744596000151,77.2
57744696000188,97.51
57745265000136,84.13
57746542000125,77.9
57747620000106,80.03
57747855000106,86.71
57771660000193,42.17
57771924000109,93.09
57776875000105,87.38
57777043000103,81.96
57790619000164,86.61
57791787000174,69.41
57796012000191,77.29
57809185000105,86.41
57813684000168,82.23
57815131000144,28.91
57834063000160,84.48
57883031000155,81.89
57883567000170,87.09
57884228000109,49.12
57890176000183,13.78
57897828000101,71.14
57926049000197,74.11
57942829000120,76.75
57952464000115,86.24
57955368000120,83.26
57966847000142,82.86
57967401000132,81.34
57985995000104,82.71
57986005000152,84.31
58002209000174,92.44
58013738000173,35.63
58018929000128,26.89
58052836000110,75.82
58054338000106,78.79
58062679000123,69.88
58069072000175,88.76
58075015000107,87.3
58075902000177,78.51
58088687000149,51.17
58095438000180,85.03
58107448000199,37.56
58108799000114,73.02
58108837000139,80.84
58110964000172,75.4
58111935000125,78.74
58140821000103,81.48
58140887000101,86.4
58174371000170,82.09
58174985000151,34.71
58176513000138,45.09
58191395000137,80.66
58191678000189,79.51
58193485000167,62.48
58213245000187,74.18
58219849000130,16.14
58221726000134,78.69
58238959000140,78.29
58251560000107,83.45
58252364000149,30.37
58253070000131,69.56
58258574000144,74.82
58264015000147,84.36
58275549000179,37.41
58277022000183,72.98
58277322000162,84.02
58280010000108,84.44
58281724000130,60.66
58286101000150,80.88
58286171000109,80.86
58287774000125,70.62
58287952000118,73.61
58289474000185,80.79
58290551000117,82.76
58307597000100,82.83
58311520000103,53.82
58327943000103,14.31
58331211000197,83.97
58332774000108,62.97
58340147000100,78.85
58341091000109,87.96
58341471000143,73.86
58341982000165,71.65
58348647000199,71.55
58348771000154,72.96
58354005000100,41.5
58354857000190,34.06
58360837000121,95.9
58360941000116,82.73
58361052000173,72.09
58364988000158,74.41
58365044000103,82.88
58378060000122,71.83
58396943000165,37.46
58399524000187,75.4
58416021000172,81.01
58437495000109,88.43
58440238000118,74.05
58443366000115,66.15
58443398000110,84.07
58444240000165,18.94
58459098000120,12.91
58459343000107,16.26
58460574000122,51.31
58481477000116,28.91
58490605000198,13.16
58516289000186,87.07
58516864000140,77.15
58529615000190,78.1
58530089000188,68.94
58542057000100,71.2
58547919000180,71.02
58561162000189,22
58578837000100,116.19
58580968000114,85.59
58586883000143,68.34
58587071000112,86.91
58600298000150,105.46
58651604000188,71.43
58651661000167,73.95
58651702000115,78.58
58651920000150,78.23
58651958000122,73.87
58653503000146,69.37
58653978000132,87.42
58674067000191,79.76
58674224000169,84.97
58688316000106,67.57
58689667000123,28.77
58691085000181,69.82
58692067000114,69.78
58703709000133,80.49
58707218000160,89.21
58707733000140,81.55
58729502000138,12.26
58733754000130,16.61
58735449000188,52.22
58736286000158,74.27
58758334000109,68.24
58770366000120,67.13
58771687000149,75.02
58771694000140,69.92
58804815000103,67.73
58806888000134,90.4
58808777000167,86.48
58891176000160,67.86
58903850000180,69
58930938000190,70.07
58942869000135,35.84
58976417000174,53.39
59004460000130,82.1
59016052000107,71
59016228000112,73.09
59039877000139,32.45
59054402000111,90.4
59055352000197,34.02
59061141000167,93.59
59064446000122,77.59
59067509000102,62.82
59091360000199,83.76
59091384000148,24.81
59092416000120,86.14
59108512000119,81.57
59123735000155,84.04
59150919000104,81.91
59163342000175,75.82
59163409000171,76.09
59163531000148,78.97
59163781000188,90.29
59176878000125,72.07
59193684000138,89.29
59194590000183,91.26
59194839000150,74.5
59245392000100,80.52
59246759000100,64.96
59262432000113,28.53
59309776000130,49.25
59312403000119,80.04
59313291000110,57.86
59332047000103,79.13
59349634000105,67.89
59357502000117,43.07
59410619000117,51.01
59412238000177,75.22
59412482000130,75.12
59412583000100,74.02
59412648000118,80.41
59424781000194,95.72
59432100000130,87.87
59452806000163,85.55
59511583000168,79.89
59511685000183,86.81
59511772000130,78.27
59574097000199,95.14
59587336000145,77.99
59591104000160,77.14
59602591000110,78.46
59655459000176,74.16
59655567000149,73.68
59655691000104,71.49
59672854000167,91.11
59714471000104,70.63
59743618000194,86.01
59754353000120,90.8
59755018000146,62.87
59766036000123,73.18
59772310000177,79.06
59785096000193,98.84
59814123000109,88.72
59816551000170,84.51
59817226000122,81.24
59817381000149,80.93
59817462000149,75.25
59817562000175,85.63
59817810000188,78.46
59817983000104,90.58
59818212000123,76.6
59818523000192,82.2
59818611000194,73.67
59818797000181,87.08
59818904000171,88.65
59819194000102,74.81
59826291000114,77.39
59870227000130,78.05
59873582000163,78.66
59878473000139,78.22
59884498000145,50.56
59887628000101,80.66
59888220000146,83.6
59889169000197,35.61
59904332000143,76.09
59907848000141,10.17
59910896000199,76.68
59911193000185,76.36
59941697000148,75.51
59941827000142,72.27
59963244000112,61.65
59995885000159,87.75
59997256000168,58.3
60008150000173,23.19
60029151000102,82.49
60061182000132,83.51
60075657000140,74.38
60096297000162,68.76
60096865000125,80.05
60124635000122,78.53
60127023000193,73.98
60176858000133,72.91
60185164000162,53.97
60222497000114,82.54
60233116000100,75.1
60260680000104,19.86
60261139000110,68.43
60276080000134,416.74
60276261000160,85.39
60291736000198,35.45
60312851000100,43.16
60344823000166,80.61
60349942000101,77.52
60355769000154,78.84
60396945000104,80.8
60422070000160,71.99
60442622000100,84.91
60442677000101,35.87
60450312000129,82.42
60450321000110,79.56
60456463000194,72.81
60456656000145,71.77
60477852000104,70.73
60490407000176,13.52
60490963000142,12.31
60491442000100,95.4
60500481000126,78.82
60502894000140,72.51
60503108000129,73.88
60510186000150,81.78
60512384000153,39.31
60531375000100,88.91
60532320000114,77.65
60532515000164,78.13
60553394000137,84.29
60589814000135,73.51
60606855000192,87.29
60627132000170,60.7
60627152000140,85.5
60675392000110,80.55
60691906000121,93.29
60696041000196,17.78
60709408000169,51.66
60715404000193,25.92
60740534000186,77.86
60740615000186,83.51
60742631000108,69.12
60742779000142,67.2
60742785000108,40.95
60742819000156,76.98
60775750000167,80.19
60776254000128,76.59
60778434000149,72.51
60784769000170,68.19
60806210000101,80.54
60808027000137,30.48
60810873000191,58.19
60818669000117,54.55
60841575000169,71.29
60852475000138,75.71
60853232000114,74.09
60859716000170,97.75
60865092000102,82.86
60865770000129,59.13
60866355000190,72.55
60866948000156,82.86
60867323000109,77.5
60867433000170,71.62
60868496000141,34.34
60906569000142,52.86
60917687000156,68.38
60920222000154,76.61
60920297000135,86.56
60931618000105,89.65
60936335000148,81.18
60936771000117,82.76
60937559000174,38.67
60938351000170,85.82
60950242000178,81.3
60958418000138,71.69
60965262000112,99.12
60978192000137,82.64
60978472000145,91.41
61051152000108,80.49
61063366000102,78.92
61080007000155,72.3
61108069000128,72.45
61136998000140,37.19
61140383000198,88.85
61140498000182,81.88
61140801000147,93.01
61140970000187,91.26
61141069000120,81.44
61141163000189,85.6
61141201000101,97
61141486000172,74.77
61141536000111,84.81
61182281000135,67.91
61198681000139,74.93
61199023000161,87.44
61199231000160,69.89
61240697000162,79.67
61245368000104,75.01
61268857000181,85.08
61269144000132,79.03
61271154000102,73.76
61272108000128,57.7
61277977000145,85.72
61290059000156,29.62
61324558000117,73.01
61327132000117,45.74
61333263000107,79.86
61347630000121,92.86
61350794000108,72.5
61351211000163,61.55
61390439000162,90.5
61390482000128,80.73
61390937000105,79.18
61391125000184,68.88
61411777000133,73.25
61418417000163,70.88
61444194000109,79.45
61445398000164,71.12
61472550000106,11.69
61520265000105,14.7
61541353000193,83.65
61543295000137,82.35
61543507000186,76.64
61558612000199,77.17
61559509000163,70.81
61560810000197,75.6
61561173000173,68.19
61562479000144,70.88
61572789000140,29.05
61579871000104,87.6
61583519000134,71.06
61584502000100,85.13
61584731000116,75.39
61584782000148,76.87
61584915000186,95.2
61597359000182,76.13
61622654000141,81.61
61622820000100,74.66
61643116000133,95.89
61643338000156,84.32
61651255000109,81.91
61655249000120,83.13
61660997000109,42.15
61683502000159,74.29
61690166000171,70.11
61690888000126,14.42
61692294000154,44.91
61725196000176,25.39
61761100000125,79.08
61791374000167,86.03
61791538000156,77.92
61794817000173,71.84
61798592000123,54.2
61800269000147,68.93
61800420000147,69.6
61803239000194,74.32
61803360000116,80.04
61809225000188,24.93
61809401000181,73.41
61817868000173,52.25
61817952000197,28.66
61818719000129,94.93
61834984000109,67.65
61835389000180,70.89
61835634000159,79.15
61835843000100,79.87
61836539000170,73.51
61836753000126,94.09
61837406000118,72
61837478000165,76.19
61843171000177,76.22
61844252000191,70.51
61844366000131,70.51
61845849000150,69.55
61854664000102,72.11
61866929000192,68.18
61875090000159,82.2
61881131000110,64.7
61884366000165,17.04
61885649000121,90.6
61898585000101,19.69
61908557000110,87.87
61925300000176,80.04
61926290000193,83.58
61944498000135,71.17
61944886000116,70.04
61948797000148,86.41
61952434000186,89.67
61953079000160,80.08
61954776000135,42.79
61959244000190,79.63
61959407000135,87.08
61971270000134,79.24
61972391000109,50.67
61972672000153,12.88
61973575000185,46.88
61989479000125,71.02
62003655000170,74.97
62007683000166,68.56
62021805000179,41.82
62031312000110,78.41
62049166000150,36.49
62064607000192,65.83
62065173000145,67.83
62074561000192,71.32
62078917000166,80.66
62083874000107,60.59
62091844000142,72.63
62092022000186,71.55
62103583000133,77.2
62120583000141,73.61
62125370000102,49.37
62136382000132,67.29
62140128000108,96.5
62144203000109,13.39
62145244000110,69.75
62155864000130,10.26
62159099000126,73.53
62171470000175,67.7
62172231000130,68.18
62172396000101,79.59
62198665000109,75.85
62199705000137,79.62
62203847000120,22.58
62214375000101,89.21
62214641000104,68.36
62231879000130,51.97
62232457000189,55.63
62232489000184,40.27
62233496000109,73.55
62233915000102,67.52
62234191000103,58.28
62234770000156,72.39
62234941000147,71.93
62235923000180,67.29
62240763000167,69.5
62250286000110,56.99
62253446000185,86.07
62267044000130,82.32
62270059000157,69.7
62283336000166,82.65
62300839000100,46.45
62317528000146,65.84
62317574000145,56.12
62317858000131,59.39
62318156000172,71.09
62318422000167,34.51
62318643000135,32.49
62319210000102,87.17
62319608000130,60.95
62323295000194,68.5
62324905000174,65.6
62333997000159,24.3
62340543000105,67.47
62351636000135,63.15
62355956000163,75.24
62356314000189,75.26
62358710000145,68.02
62360992000115,79.13
62361327000146,76.56
62361404000168,76.77
62361467000114,73.24
62361545000180,98.99
62361637000160,79.17
62361815000153,49.36
62363645000146,66.03
62363801000179,36.84
62379427000108,47.69
62380424000186,54.46
62381358000169,47.98
62392905000101,38.91
62406671000104,49.88
62406976000116,61.67
62407174000120,60.13
62408523000129,66.49
62408759000165,66.12
62408982000102,56.72
62409302000175,64.43
62409522000107,49.48
62411943000164,25.05
62414689000158,80.66
62423102000177,54.23
62428355000133,64.82
62438200000188,82.02
62461101000117,35.48
62467068000132,68.99
62467472000106,59.12
62467970000159,67.96
62468143000180,65.42
62471228000117,90.15
62473606000100,63.8
62473925000107,60.59
62474207000155,46.56
62489908000168,83.44
62491272000199,78.33
62499127000154,76.45
62520921000132,68.66
62551626000143,72.82
62565902000122,74.48
62571141000111,76.29
62571624000116,46.01
62572931000111,43.14
62588992000177,55.76
62603317000170,50.63
62623910000188,64.46
62624041000106,31.8
62624330000105,62.67
62625430000156,64.01
62625643000188,69.58
62644763000122,72.51
62662727000191,69.77
62670474000106,41.26
62672551000159,48.46
62672889000100,62.38
62673056000164,82.7
62697173000168,68.27
62700486000128,54.32
62726496000132,70.67
62726818000143,91.13
62727602000100,91.23
62727978000107,68.1
62728127000189,80.38
62729351000195,68.97
62729474000126,51.73
62736500000143,100.02
62751026000129,81.34
62751113000186,72.25
62751424000145,83.25
62769923000160,18.67
62771190000106,65.99
62772990000133,153.17
62781419000185,89.15
62781472000186,62.04
62789682000110,42.53
62790193000189,56.67
62805867000171,92.12
62805928000109,62.42
62806106000134,60.67
62806621000114,32.5
62808255000132,68.98
62831874000148,46.89
62834589000180,62.47
62847489000199,64.63
62849361000164,60.56
62849941000151,61.97
62849964000166,59.85
62852342000197,41.44
62852498000178,27.77
62856283000125,67.02
62869550000107,50.01
62870208000119,45.98
62876542000180,24.11
62876658000119,59.93
62899553000185,28.16
62910859000195,11.01
62911331000130,91.23
62920933000154,59.64
62935493000109,45.36
62939100000135,41.78
62960671000151,56.83
62963313000100,59.75
62967494000135,67.7
62970039000199,50.26
62970324000100,16.1
62970471000180,68.73
62983270000117,46.78
62986314000162,51.46
62986829000162,57.89
62991350000114,40.54
63005030000100,54.91
63005076000120,69.7
63022242000104,43.93
63022260000188,67.49
63023377000186,55.83
63023396000102,67.68
63023574000103,62.94
63023753000132,83.77
63024507000103,61.01
63025366000135,51.43
63025606000100,75.63
63031387000163,72.97
63032258000190,46.9
63048098000177,66.99
63051354000185,63.85
63051648000107,82.56
63052049000108,34.84
63053090000107,58.36
63064415000149,61.15
63073919000125,85.07
63079026000197,44.09
63079371000120,56.35
63093259000144,65.17
63105295000180,81.35
63105532000103,33.64
63110995000163,87.96
63112599000175,31.92
63124967000103,29.09
63125524000129,47.59
63138982000100,78.21
63139150000109,38.03
63140516000151,70.06
63159694000124,56.56
63159704000121,73.46
63159716000156,43.19
63174249000133,14.48
63174305000130,23.02
63174394000114,25.62
63189410000142,62.92
63189574000170,97.38
63189681000106,55.1
63190006000199,69.56
63190103000181,93.28
63190269000106,74.05
63190767000140,92.59
63211828000109,63.67
63230112000159,77.13
63248651000115,60.79
63278825000192,15.45
63284019000127,72.66
63285255000168,51.68
63285329000166,43.71
63286762000116,80.85
63319624000196,76.46
63338774000147,53.23
63351459000150,51.18
63358655000156,49.56
63359113000106,55.42
63359425000101,66.99
63377319000150,51
63380552000192,44.03
63383872000104,36.66
63383901000120,68.24
63385783000199,35.56
63386988000199,62.88
63404930000120,25.07
63405106000195,58.38
63405360000193,31.29
63405574000160,57.44
63405764000187,26.97
63405863000169,39.78
63406337000113,26.16
63406682000157,78.22
63437368000131,52.05
63441123000188,46.53
63442435000106,42.74
63445061000182,92.29
63460253000168,27.96
63463242000131,59.96
63464504000182,51.5
63513518000149,55.37
63530215000134,34.23
63532720000118,21.89
63533177000173,35.29
63534145000192,27.66
63548472000101,23.53
63556163000175,44.55
63566142000130,44.71
63572496000198,54.66
63608767000118,47.94
63610895000104,43.21
63611704000110,45.17
63704841000108,53.81
63706652000166,84.37
63727006000185,43.6
63727062000110,74.56
63729525000182,55.37
63740555000190,22.09
63740800000169,30.56
63741446000197,45.92
63743483000134,47.53
63760296000169,42.63
63761168000130,20.37
63761174000197,11.41
63780238000105,58.54
63784778000159,39.62
63788524000109,59.29
63789552000140,52.38
63806809000125,16.27
63826355000154,67.89
63829969000190,18.57
63848566000198,39.26
63858779000109,27.47
63859087000177,43.11
63867916000163,53.65
63875387000140,58.24
63880974000127,23.98
63882570000172,36.75
63893287000146,21.58
63898109000108,43.02
63900490000100,12.55
63900709000163,17.96
63901833000143,11.52
63912056000132,23.39
63914463000189,43.15
63917614000152,29.49
63918203000181,94.15
63920768000101,45.34
63924803000152,41.86
63933503000130,85.57
63939280000118,40.75
63942021000146,67.34
63950469000101,43.55
63953464000132,61.87
63953556000112,37.49
63988597000144,91.4
63989000000186,93.91
64003281000119,62.6
64008119000193,18.58
64025077000107,36.37
64059160000199,30.73
64071100000191,55.47
64073126000179,36.13
64089192000137,64.01
64091639000102,31.37
64094799000105,22.71
64102991000104,34.94
64106556000140,73.47
64113390000199,40.17
64138938000155,10.78
64142774000130,15.65
64185185000139,30.37
64192422000199,65.2
64203998000104,24.92
64310078000195,62.44
64366238000118,25.82
64429184000192,14.54
64435884000190,48.86
64436536000137,23.85
64436974000103,34.75
64440839000123,32.11
64487678000123,28.08
64502555000114,41.92
64507265000163,14.79
64511682000180,21.04
64540699000165,35.47
64582055000130,21.42
64582548000170,55.81
64593756000174,49.54
64597707000100,65.21
64626717000126,20.68
64651483000177,12.77
64678185000170,21.38
64680282000106,18.53
64713709000117,74.52
64717139000133,10.35
64723744000117,28.15
64739277000113,11.57
64776777000125,44.4
64820042000151,26.54
64958783000101,59.78
64985472000123,65.17
64986160000134,77.33
65028745000104,24.51
65041084000157,79.04
65079801000130,17
65096801000148,36.6
65131307000177,74.56
65180245000193,45.81
65189035000166,98.1
65197885000106,59.13
65255255000140,63.44
65344961000169,11.01
65448597000187,57.9
65529915000134,70.76
65612787000198,24.18
65680121000177,47.71
65680395000166,89.2
65818203000135,69.48
65835445000137,87.78
65835458000106,75.27
65835898000163,47.54
65838693000131,10.86
65842530000122,56.8
65847230000136,38.15
65888766000108,66.88
65927318000168,37.8
65927708000138,51
66148281000132,15.8
66148609000110,60.94
66148652000186,20.88
66275639000198,10.31
66298117000101,63.36
66302938000174,35.55
66404420000141,32.21
66572564000107,28.28
66572852000161,71.81
66608223000144,65.83
66632272000112,42.82
66633063000193,15.67
67280664000122,18.21
67288854000196,38.19
97525452000129,90.9
