CNPJ,PrimeiraCotaMes,PrimeiraCotaData
00322699000106,202301,2023-01-01
00832435000100,202301,2023-01-01
00852311000189,202301,2023-01-01
00888897000131,202301,2023-01-01
00974902000129,202301,2023-01-01
00975480000106,202301,2023-01-01
00977449000104,202301,2023-01-01
01361074000116,202301,2023-01-01
01380701000166,202301,2023-01-01
01597187000115,202301,2023-01-01
01630558000113,202301,2023-01-01
01822655000108,202301,2023-01-01
02224382000162,202301,2023-01-01
02296928000190,202301,2023-01-01
02846259000183,202301,2023-01-01
02998164000185,202301,2023-01-01
03099639000164,202301,2023-01-01
03369970000157,202301,2023-01-01
03389374000139,202301,2023-01-01
03504023000121,202301,2023-01-01
03960320000181,202301,2023-01-01
03960349000163,202301,2023-01-01
04087328000148,202301,2023-01-01
04113821000195,202301,2023-01-01
04228545000100,202301,2023-01-01
04240128000183,202301,2023-01-01
04356413000164,202301,2023-01-01
04501865000192,202301,2023-01-01
04511306000163,202301,2023-01-01
04573108000124,202301,2023-01-01
04587998000123,202301,2023-01-01
04588017000162,202301,2023-01-01
04618345000164,202301,2023-01-01
04621721000170,202301,2023-01-01
04764252000148,202301,2023-01-01
04786966000157,202301,2023-01-01
04841576000132,202301,2023-01-01
04875006000163,202301,2023-01-01
04885403000116,202301,2023-01-01
04885571000101,202301,2023-01-01
04899128000190,202301,2023-01-01
05018037000160,202301,2023-01-01
05108379000171,202301,2023-01-01
05508422000196,202301,2023-01-01
05615511000131,202301,2023-01-01
05615522000111,202301,2023-01-01
05642617000124,202301,2023-01-01
05755769000133,202301,2023-01-01
05832360000173,202301,2023-01-01
05922462000180,202301,2023-01-01
06015421000172,202301,2023-01-01
06066907000130,202301,2023-01-01
06077638000107,202301,2023-01-01
06086684000172,202301,2023-01-01
06175696000173,202301,2023-01-01
06866051000187,202301,2023-01-01
07593967000173,202301,2023-01-01
07889704000106,202301,2023-01-01
07892335000100,202301,2023-01-01
07900255000150,202301,2023-01-01
08252580000116,202301,2023-01-01
08418151000176,202301,2023-01-01
08608370000118,202301,2023-01-01
08708502000183,202301,2023-01-01
08814754000197,202301,2023-01-01
08868449000188,202301,2023-01-01
08915927000163,202301,2023-01-01
08960971000195,202301,2023-01-01
08960978000107,202301,2023-01-01
08984821000111,202301,2023-01-01
09083848000104,202301,2023-01-01
09087708000104,202301,2023-01-01
09087799000170,202301,2023-01-01
09136668000135,202301,2023-01-01
09181291000136,202301,2023-01-01
09215250000113,202301,2023-01-01
09238487000110,202301,2023-01-01
09274058000106,202301,2023-01-01
09329721000114,202301,2023-01-01
09418454000151,202301,2023-01-01
09441708000152,202301,2023-01-01
09484942000167,202301,2023-01-01
09522705000143,202301,2023-01-01
09523207000115,202301,2023-01-01
09543255000175,202301,2023-01-01
09577500000165,202301,2023-01-01
09639927000140,202301,2023-01-01
09720710000160,202301,2023-01-01
09720734000110,202301,2023-01-01
10220241000108,202301,2023-01-01
10237439000196,202301,2023-01-01
10237450000156,202301,2023-01-01
10264179000148,202301,2023-01-01
10264255000115,202301,2023-01-01
10322668000109,202301,2023-01-01
10326625000100,202301,2023-01-01
10347184000114,202301,2023-01-01
10347228000106,202301,2023-01-01
10355529000181,202301,2023-01-01
10551353000133,202301,2023-01-01
10565506000100,202301,2023-01-01
10583916000175,202301,2023-01-01
10601349000132,202301,2023-01-01
10643489000173,202301,2023-01-01
10813716000161,202301,2023-01-01
10843445000197,202301,2023-01-01
10948577000183,202301,2023-01-01
11039158000191,202301,2023-01-01
11046645000181,202301,2023-01-01
11121992000121,202301,2023-01-01
11225793000163,202301,2023-01-01
11248452000103,202301,2023-01-01
11308040000111,202301,2023-01-01
11419792000150,202301,2023-01-01
11419818000160,202301,2023-01-01
11435262000103,202301,2023-01-01
11435287000107,202301,2023-01-01
11447056000105,202301,2023-01-01
11447124000136,202301,2023-01-01
11447136000160,202301,2023-01-01
11508507000177,202301,2023-01-01
11555338000126,202301,2023-01-01
11690117000160,202301,2023-01-01
11839215000117,202301,2023-01-01
11952676000100,202301,2023-01-01
11961080000168,202301,2023-01-01
11961206000102,202301,2023-01-01
12059831000118,202301,2023-01-01
12105940000124,202301,2023-01-01
12412818000109,202301,2023-01-01
12698632000150,202301,2023-01-01
12796193000118,202301,2023-01-01
13030850000184,202301,2023-01-01
13049660000109,202301,2023-01-01
13058736000162,202301,2023-01-01
13106995000111,202301,2023-01-01
13106998000155,202301,2023-01-01
13400194000164,202301,2023-01-01
13411914000197,202301,2023-01-01
13425757000179,202301,2023-01-01
13454232000161,202301,2023-01-01
13455189000159,202301,2023-01-01
13492738000165,202301,2023-01-01
13596496000150,202301,2023-01-01
13823084000105,202301,2023-01-01
13935899000186,202301,2023-01-01
14017351000110,202312,2023-12-01
14146491000198,202301,2023-01-01
14158932000171,202301,2023-01-01
14188164000107,202301,2023-01-01
14399722000175,202301,2023-01-01
14399804000110,202301,2023-01-01
14466898000100,202301,2023-01-01
14473842000175,202301,2023-01-01
14491564000189,202301,2023-01-01
14491665000150,202301,2023-01-01
14504578000190,202301,2023-01-01
14557317000138,202301,2023-01-01
14843629000108,202301,2023-01-01
14843780000146,202301,2023-01-01
14880030000144,202411,2024-11-01
15174629000125,202301,2023-01-01
15207219000133,202301,2023-01-01
15259169000138,202301,2023-01-01
15348108000147,202301,2023-01-01
15350679000116,202301,2023-01-01
15398622000197,202301,2023-01-01
15477891000149,202301,2023-01-01
15487311000102,202301,2023-01-01
15612416000138,202301,2023-01-01
15675431000125,202301,2023-01-01
15675437000100,202301,2023-01-01
16599959000125,202301,2023-01-01
16703345000141,202301,2023-01-01
16916048000184,202301,2023-01-01
17041023000147,202301,2023-01-01
17051205000107,202301,2023-01-01
17072641000154,202301,2023-01-01
17072894000128,202301,2023-01-01
17138011000135,202301,2023-01-01
17138466000150,202301,2023-01-01
17138474000105,202301,2023-01-01
17158462000134,202301,2023-01-01
17225793000140,202301,2023-01-01
17329683000128,202301,2023-01-01
17329754000192,202301,2023-01-01
17329785000143,202301,2023-01-01
17339084000195,202301,2023-01-01
17417026000132,202301,2023-01-01
17689994000106,202301,2023-01-01
17898543000170,202301,2023-01-01
17898668000109,202301,2023-01-01
17906107000104,202301,2023-01-01
17913386000125,202301,2023-01-01
18007644000177,202301,2023-01-01
18069672000119,202301,2023-01-01
18086741000100,202301,2023-01-01
18416553000195,202301,2023-01-01
18416618000100,202301,2023-01-01
18418812000117,202301,2023-01-01
18418825000196,202301,2023-01-01
18418851000114,202301,2023-01-01
18418874000129,202301,2023-01-01
18418894000108,202301,2023-01-01
18418915000187,202301,2023-01-01
18422272000145,202301,2023-01-01
18428603000154,202301,2023-01-01
18428655000120,202301,2023-01-01
18599004000101,202301,2023-01-01
18679362000116,202301,2023-01-01
18679900000172,202301,2023-01-01
18685779000191,202301,2023-01-01
18719154000101,202301,2023-01-01
18814287000159,202301,2023-01-01
18814964000139,202301,2023-01-01
18816175000137,202301,2023-01-01
18990334000115,202301,2023-01-01
19038997000105,202301,2023-01-01
19366021000153,202301,2023-01-01
19390898000180,202301,2023-01-01
19413568000162,202301,2023-01-01
19436722000111,202301,2023-01-01
19436808000144,202301,2023-01-01
19531929000175,202301,2023-01-01
19550100000110,202301,2023-01-01
19657463000159,202301,2023-01-01
19675080000103,202301,2023-01-01
19718324000198,202301,2023-01-01
19719719000105,202301,2023-01-01
19719727000151,202301,2023-01-01
19770499000144,202301,2023-01-01
19782311000188,202301,2023-01-01
19831152000164,202301,2023-01-01
19941689000187,202301,2023-01-01
19941929000143,202301,2023-01-01
19959517000130,202301,2023-01-01
20146318000192,202301,2023-01-01
20155921000130,202301,2023-01-01
20231879000190,202301,2023-01-01
20468262000192,202301,2023-01-01
20468456000198,202301,2023-01-01
20468779000181,202301,2023-01-01
20485412000176,202301,2023-01-01
20519416000128,202301,2023-01-01
20519417000172,202301,2023-01-01
20584638000124,202301,2023-01-01
20726178000121,202301,2023-01-01
20833920000106,202301,2023-01-01
20833938000108,202301,2023-01-01
20833940000179,202301,2023-01-01
20879578000177,202301,2023-01-01
20887247000189,202301,2023-01-01
20889217000101,202301,2023-01-01
20889471000100,202301,2023-01-01
20889498000100,202301,2023-01-01
20889637000198,202301,2023-01-01
20969330000105,202301,2023-01-01
21015780000113,202301,2023-01-01
21040600000153,202301,2023-01-01
21082099000198,202301,2023-01-01
21336427000135,202301,2023-01-01
21336440000194,202301,2023-01-01
21596021000191,202301,2023-01-01
21613158000107,202301,2023-01-01
21762085000115,202301,2023-01-01
21791224000139,202301,2023-01-01
21888723000149,202301,2023-01-01
22013612000151,202301,2023-01-01
22041150000186,202301,2023-01-01
22118303000146,202301,2023-01-01
22232878000195,202301,2023-01-01
22232929000189,202301,2023-01-01
22759995000101,202301,2023-01-01
22985070000189,202301,2023-01-01
23034963000101,202301,2023-01-01
23186354000178,202301,2023-01-01
23225882000199,202301,2023-01-01
23225888000166,202301,2023-01-01
23272391000107,202301,2023-01-01
23376623000169,202301,2023-01-01
23502713000159,202301,2023-01-01
23556180000198,202301,2023-01-01
23556204000109,202301,2023-01-01
23631350000151,202301,2023-01-01
23668524000150,202301,2023-01-01
23714022000119,202301,2023-01-01
23731475000153,202301,2023-01-01
23731558000142,202301,2023-01-01
23738226000190,202301,2023-01-01
23748539000129,202301,2023-01-01
23781888000142,202301,2023-01-01
23884614000189,202301,2023-01-01
23884659000153,202301,2023-01-01
24011864000177,202301,2023-01-01
24068085000108,202301,2023-01-01
24215239000147,202301,2023-01-01
24215307000178,202301,2023-01-01
24248223000130,202301,2023-01-01
24270834000185,202301,2023-01-01
24444154000130,202301,2023-01-01
24552346000160,202301,2023-01-01
24552905000132,202301,2023-01-01
24572511000146,202301,2023-01-01
24601713000179,202301,2023-01-01
24658649000162,202301,2023-01-01
24986620000100,202301,2023-01-01
25036659000129,202301,2023-01-01
25079461000122,202301,2023-01-01
25097707000199,202301,2023-01-01
25234711000151,202301,2023-01-01
25307339000166,202301,2023-01-01
25341064000187,202301,2023-01-01
25682025000143,202301,2023-01-01
26142614000100,202301,2023-01-01
26143135000108,202301,2023-01-01
26171796000139,202301,2023-01-01
26171840000100,202301,2023-01-01
26173277000100,202301,2023-01-01
26173300000166,202301,2023-01-01
26313371000117,202301,2023-01-01
26313391000198,202301,2023-01-01
26324274000120,202301,2023-01-01
26324289000198,202301,2023-01-01
26362496000137,202301,2023-01-01
26370161000160,202301,2023-01-01
26374791000103,202301,2023-01-01
26405893000149,202506,2025-06-01
26491419000187,202301,2023-01-01
26498249000162,202301,2023-01-01
26525450000191,202301,2023-01-01
26541175000108,202301,2023-01-01
26605199000175,202301,2023-01-01
26664935000166,202301,2023-01-01
26703080000135,202301,2023-01-01
26725116000181,202301,2023-01-01
26725148000187,202301,2023-01-01
26751126000191,202301,2023-01-01
26773252000147,202301,2023-01-01
26803233000116,202301,2023-01-01
26845906000109,202301,2023-01-01
26861544000131,202301,2023-01-01
26978438000132,202301,2023-01-01
27036368000166,202301,2023-01-01
27250788000140,202301,2023-01-01
27293743000153,202301,2023-01-01
27565982000115,202301,2023-01-01
27566032000105,202301,2023-01-01
27782888000118,202301,2023-01-01
27826059000190,202301,2023-01-01
27880363000115,202301,2023-01-01
27883656000156,202301,2023-01-01
27927529000101,202301,2023-01-01
27928267000108,202301,2023-01-01
27974854000125,202301,2023-01-01
28206220000195,202301,2023-01-01
28259415000101,202301,2023-01-01
28320857000108,202301,2023-01-01
28454176000132,202301,2023-01-01
28581607000121,202301,2023-01-01
28648875000113,202301,2023-01-01
28651424000135,202301,2023-01-01
28767162000179,202301,2023-01-01
28788460000145,202301,2023-01-01
28840203000105,202301,2023-01-01
28851713000188,202301,2023-01-01
28951154000188,202301,2023-01-01
29044189000104,202301,2023-01-01
29106510000120,202301,2023-01-01
29109266000159,202301,2023-01-01
29157520000194,202301,2023-01-01
29177012000178,202301,2023-01-01
29196718000187,202301,2023-01-01
29236579000178,202301,2023-01-01
29250121000173,202301,2023-01-01
29259723000191,202301,2023-01-01
29259957000139,202301,2023-01-01
29626006000150,202301,2023-01-01
29722392000184,202301,2023-01-01
29733674000187,202301,2023-01-01
29734143000109,202301,2023-01-01
29983496000142,202301,2023-01-01
30056825000199,202301,2023-01-01
30057274000188,202301,2023-01-01
30102264000117,202301,2023-01-01
30330495000188,202301,2023-01-01
30338679000194,202301,2023-01-01
30338831000139,202301,2023-01-01
30338838000150,202301,2023-01-01
30353549000120,202301,2023-01-01
30392659000100,202301,2023-01-01
30453289000165,202301,2023-01-01
30493677000170,202301,2023-01-01
30506088000189,202301,2023-01-01
30521138000105,202301,2023-01-01
30521661000123,202301,2023-01-01
30521681000102,202301,2023-01-01
30556686000162,202301,2023-01-01
30568172000127,202301,2023-01-01
30568485000185,202301,2023-01-01
30568861000131,202301,2023-01-01
30593140000181,202301,2023-01-01
30608416000158,202301,2023-01-01
30618457000125,202301,2023-01-01
30630324000174,202301,2023-01-01
30665679000107,202301,2023-01-01
30676315000114,202301,2023-01-01
30869395000124,202301,2023-01-01
30877528000104,202301,2023-01-01
30998213000115,202301,2023-01-01
31094141000144,202301,2023-01-01
31120022000119,202301,2023-01-01
31120420000135,202301,2023-01-01
31145933000109,202301,2023-01-01
31217083000107,202301,2023-01-01
31247680000176,202301,2023-01-01
31247970000110,202301,2023-01-01
31248215000150,202301,2023-01-01
31457222000161,202301,2023-01-01
31611340000182,202301,2023-01-01
31611503000127,202301,2023-01-01
31615327000100,202301,2023-01-01
31908005000140,202301,2023-01-01
31908013000197,202301,2023-01-01
31961612000174,202301,2023-01-01
31962100000122,202301,2023-01-01
31963315000168,202301,2023-01-01
31963396000104,202301,2023-01-01
31964159000150,202301,2023-01-01
32044389000163,202301,2023-01-01
32044741000160,202301,2023-01-01
32044932000122,202301,2023-01-01
32045039000111,202301,2023-01-01
32045085000110,202301,2023-01-01
32045116000133,202301,2023-01-01
32075119000110,202301,2023-01-01
32158371000192,202301,2023-01-01
32159534000151,202506,2025-06-01
32225253000150,202301,2023-01-01
32225995000185,202301,2023-01-01
32312120000110,202301,2023-01-01
32312343000188,202301,2023-01-01
32312678000104,202301,2023-01-01
32319373000116,202301,2023-01-01
32319500000187,202301,2023-01-01
32319525000180,202301,2023-01-01
32320609000134,202301,2023-01-01
32385140000111,202301,2023-01-01
32385410000194,202301,2023-01-01
32388028000134,202301,2023-01-01
32388077000177,202301,2023-01-01
32397641000118,202301,2023-01-01
32485590000186,202301,2023-01-01
32666434000111,202404,2024-04-01
32711923000148,202301,2023-01-01
32742673000103,202301,2023-01-01
32760072000123,202301,2023-01-01
32770526000147,202301,2023-01-01
32771072000129,202301,2023-01-01
32811397000198,202301,2023-01-01
32862167000158,202301,2023-01-01
32864267000113,202301,2023-01-01
32893181000119,202301,2023-01-01
32990051000102,202301,2023-01-01
32999355000122,202301,2023-01-01
32999416000151,202301,2023-01-01
33342285000106,202301,2023-01-01
33422113000134,202301,2023-01-01
33520988000179,202301,2023-01-01
33599991000120,202301,2023-01-01
33701828000126,202301,2023-01-01
33755721000160,202301,2023-01-01
33768941000129,202301,2023-01-01
33768955000142,202301,2023-01-01
33842492000111,202301,2023-01-01
33953056000110,202301,2023-01-01
33953262000120,202301,2023-01-01
34080987000113,202301,2023-01-01
34081211000118,202301,2023-01-01
34109940000135,202301,2023-01-01
34143987000115,202301,2023-01-01
34172479000165,202301,2023-01-01
34172617000106,202301,2023-01-01
34200585000105,202301,2023-01-01
34246448000101,202301,2023-01-01
34270943000156,202301,2023-01-01
34369940000174,202301,2023-01-01
34370754000155,202301,2023-01-01
34431868000168,202301,2023-01-01
34447278000123,202301,2023-01-01
34474470000109,202301,2023-01-01
34474989000197,202301,2023-01-01
34475149000149,202301,2023-01-01
34476006000151,202301,2023-01-01
34488907000163,202301,2023-01-01
34525051000159,202301,2023-01-01
34613727000166,202301,2023-01-01
34617263000166,202301,2023-01-01
34626618000183,202301,2023-01-01
34657939000145,202301,2023-01-01
34658789000194,202301,2023-01-01
34658859000104,202301,2023-01-01
34681760000123,202405,2024-05-01
34706691000165,202301,2023-01-01
34738303000128,202301,2023-01-01
34780641000128,202301,2023-01-01
34781259000139,202301,2023-01-01
34792037000111,202301,2023-01-01
34793170000192,202301,2023-01-01
34799162000153,202301,2023-01-01
34799393000167,202301,2023-01-01
34799490000150,202301,2023-01-01
34962302000162,202301,2023-01-01
35001422000166,202301,2023-01-01
35002571000140,202301,2023-01-01
35020190000193,202301,2023-01-01
35120235000100,202301,2023-01-01
35377709000195,202301,2023-01-01
35377796000180,202301,2023-01-01
35399404000184,202301,2023-01-01
35435878000134,202301,2023-01-01
35491073000108,202301,2023-01-01
35491217000126,202301,2023-01-01
35500650000180,202301,2023-01-01
35502503000140,202301,2023-01-01
35535754000120,202405,2024-05-01
35600771000102,202301,2023-01-01
35609382000130,202301,2023-01-01
35646238000173,202301,2023-01-01
35650677000150,202301,2023-01-01
35690218000108,202301,2023-01-01
35700232000137,202301,2023-01-01
35755062000198,202405,2024-05-01
35765444000100,202301,2023-01-01
35803277000137,202301,2023-01-01
35820685000105,202301,2023-01-01
35823433000121,202301,2023-01-01
35844780000130,202301,2023-01-01
35916343000185,202301,2023-01-01
35916528000190,202301,2023-01-01
35927084000198,202301,2023-01-01
35927302000194,202301,2023-01-01
35927331000156,202301,2023-01-01
36015218000167,202301,2023-01-01
36017195000120,202301,2023-01-01
36017273000196,202301,2023-01-01
36178962000182,202405,2024-05-01
36181909000130,202301,2023-01-01
36233973000118,202301,2023-01-01
36247749000185,202301,2023-01-01
36295878000149,202301,2023-01-01
36318479000156,202301,2023-01-01
36327365000172,202301,2023-01-01
36352346000104,202301,2023-01-01
36352509000140,202301,2023-01-01
36368438000174,202301,2023-01-01
36498670000127,202301,2023-01-01
36499357000103,202301,2023-01-01
36517858000175,202301,2023-01-01
36518029000107,202301,2023-01-01
36521640000194,202301,2023-01-01
36521676000178,202301,2023-01-01
36521686000103,202301,2023-01-01
36521750000156,202301,2023-01-01
36532178000120,202301,2023-01-01
36617679000100,202301,2023-01-01
36620786000197,202301,2023-01-01
36671861000149,202301,2023-01-01
36729801000130,202301,2023-01-01
36771728000164,202301,2023-01-01
36874628000163,202301,2023-01-01
36947635000148,202301,2023-01-01
37008673000106,202301,2023-01-01
37037999000153,202301,2023-01-01
37099037000129,202301,2023-01-01
37235948000136,202301,2023-01-01
37253989000155,202301,2023-01-01
37266789000137,202301,2023-01-01
37267132000194,202301,2023-01-01
37319367000182,202301,2023-01-01
37319460000197,202301,2023-01-01
37322048000126,202301,2023-01-01
37331175000191,202301,2023-01-01
37333999000109,202301,2023-01-01
37334028000175,202301,2023-01-01
37368078000173,202301,2023-01-01
37440121000164,202301,2023-01-01
37452819000108,202301,2023-01-01
37467474000158,202301,2023-01-01
37525998000158,202301,2023-01-01
37539419000126,202301,2023-01-01
37541412000149,202301,2023-01-01
37567174000140,202301,2023-01-01
37626651000100,202301,2023-01-01
37728016000125,202301,2023-01-01
37750682000160,202301,2023-01-01
37780270000172,202301,2023-01-01
37805950000101,202301,2023-01-01
37828591000108,202301,2023-01-01
37842935000125,202301,2023-01-01
37887955000112,202301,2023-01-01
37893242000161,202301,2023-01-01
37893263000187,202301,2023-01-01
37893354000112,202301,2023-01-01
37895276000195,202301,2023-01-01
37899720000140,202301,2023-01-01
38026869000188,202301,2023-01-01
38111943000164,202301,2023-01-01
38120661000123,202301,2023-01-01
38150833000101,202301,2023-01-01
38195881000116,202301,2023-01-01
38230040000100,202301,2023-01-01
38439714000173,202301,2023-01-01
38489240000174,202301,2023-01-01
38542842000148,202301,2023-01-01
38653941000105,202301,2023-01-01
39152991000163,202301,2023-01-01
39255769000196,202301,2023-01-01
39314609000170,202301,2023-01-01
39316768000104,202301,2023-01-01
39354788000170,202301,2023-01-01
39375554000109,202301,2023-01-01
39487617000119,202301,2023-01-01
39488674000112,202301,2023-01-01
39488907000187,202301,2023-01-01
39502502000156,202301,2023-01-01
39511694000167,202301,2023-01-01
39511976000164,202301,2023-01-01
39573262000180,202301,2023-01-01
39682386000102,202302,2023-02-01
39703214000160,202301,2023-01-01
39723106000159,202301,2023-01-01
39958460000162,202301,2023-01-01
40022460000135,202301,2023-01-01
40054529000102,202301,2023-01-01
40101519000180,202301,2023-01-01
40142060000163,202301,2023-01-01
40152515000121,202301,2023-01-01
40152982000151,202301,2023-01-01
40153085000162,202301,2023-01-01
40156669000191,202301,2023-01-01
40194274000183,202301,2023-01-01
40194279000106,202301,2023-01-01
40219186000199,202301,2023-01-01
40226109000166,202301,2023-01-01
40413612000120,202301,2023-01-01
40456260000190,202301,2023-01-01
40456283000103,202301,2023-01-01
40456434000115,202301,2023-01-01
40476059000175,202301,2023-01-01
40764095000134,202301,2023-01-01
40815606000108,202301,2023-01-01
40832863000140,202301,2023-01-01
40897052000127,202301,2023-01-01
40897658000162,202301,2023-01-01
40963283000191,202301,2023-01-01
40963311000170,202301,2023-01-01
41083033000120,202301,2023-01-01
41091044000151,202301,2023-01-01
41124614000162,202301,2023-01-01
41128444000194,202301,2023-01-01
41163523000136,202301,2023-01-01
41300683000180,202301,2023-01-01
41348601000177,202301,2023-01-01
41348664000123,202301,2023-01-01
41348781000197,202301,2023-01-01
41348869000109,202301,2023-01-01
41348917000169,202301,2023-01-01
41349195000167,202301,2023-01-01
41349248000140,202301,2023-01-01
41373706000186,202301,2023-01-01
41392136000171,202301,2023-01-01
41394902000137,202301,2023-01-01
41395293000130,202301,2023-01-01
41395322000164,202301,2023-01-01
41544993000140,202301,2023-01-01
41545043000130,202301,2023-01-01
41545586000157,202301,2023-01-01
41575707000103,202301,2023-01-01
41575809000129,202301,2023-01-01
41579176000127,202301,2023-01-01
41594289000100,202301,2023-01-01
41601781000157,202301,2023-01-01
41610520000101,202301,2023-01-01
41610657000158,202301,2023-01-01
41649957000140,202301,2023-01-01
41672242000109,202301,2023-01-01
41672376000120,202301,2023-01-01
41681275000115,202301,2023-01-01
41681780000160,202301,2023-01-01
41687130000121,202301,2023-01-01
41687175000104,202301,2023-01-01
41709727000120,202301,2023-01-01
41710510000130,202301,2023-01-01
41710563000150,202301,2023-01-01
41710798000142,202301,2023-01-01
41714349000172,202301,2023-01-01
41722175000190,202301,2023-01-01
41727038000148,202301,2023-01-01
41734999000180,202301,2023-01-01
41736548000181,202301,2023-01-01
41756159000118,202301,2023-01-01
41763312000134,202301,2023-01-01
41763320000180,202301,2023-01-01
41774687000108,202301,2023-01-01
41776635000162,202301,2023-01-01
41776707000171,202301,2023-01-01
41776781000198,202301,2023-01-01
41837419000180,202301,2023-01-01
41837660000109,202301,2023-01-01
41837736000104,202312,2023-12-01
41853314000114,202301,2023-01-01
41867517000160,202301,2023-01-01
41881271000180,202301,2023-01-01
41888721000167,202301,2023-01-01
41953322000132,202301,2023-01-01
41978506000157,202301,2023-01-01
41994712000150,202301,2023-01-01
42014178000131,202301,2023-01-01
42044315000180,202301,2023-01-01
42046759000155,202301,2023-01-01
42066551000106,202301,2023-01-01
42066694000100,202301,2023-01-01
42066755000139,202405,2024-05-01
42102181000107,202301,2023-01-01
42119476000196,202301,2023-01-01
42154270000105,202301,2023-01-01
42195812000180,202301,2023-01-01
42195828000192,202301,2023-01-01
42195916000194,202301,2023-01-01
42217140000166,202403,2024-03-01
42220374000162,202301,2023-01-01
42220446000171,202301,2023-01-01
42221412000100,202301,2023-01-01
42229399000127,202301,2023-01-01
42246480000115,202301,2023-01-01
42264017000104,202301,2023-01-01
42282188000158,202312,2023-12-01
42287499000100,202301,2023-01-01
42287704000137,202301,2023-01-01
42294333000110,202301,2023-01-01
42295379000154,202301,2023-01-01
42298805000103,202301,2023-01-01
42298902000104,202406,2024-06-01
42321494000156,202301,2023-01-01
42321520000146,202407,2024-07-01
42378579000170,202301,2023-01-01
42411555000176,202301,2023-01-01
42417749000189,202301,2023-01-01
42418908000160,202301,2023-01-01
42420560000145,202407,2024-07-01
42420671000151,202407,2024-07-01
42420740000127,202406,2024-06-01
42447172000158,202404,2024-04-01
42447197000151,202402,2024-02-01
42449373000194,202301,2023-01-01
42449381000130,202301,2023-01-01
42535073000128,202301,2023-01-01
42536254000179,202301,2023-01-01
42592438000156,202303,2023-03-01
42619279000136,202301,2023-01-01
42682169000119,202301,2023-01-01
42682358000191,202301,2023-01-01
42682380000131,202301,2023-01-01
42682447000138,202301,2023-01-01
42698876000101,202301,2023-01-01
42699050000159,202301,2023-01-01
42716764000128,202301,2023-01-01
42717986000165,202301,2023-01-01
42730970000192,202301,2023-01-01
42736995000101,202602,2026-02-01
42747172000173,202301,2023-01-01
42774252000118,202301,2023-01-01
42774301000112,202301,2023-01-01
42777239000112,202301,2023-01-01
42813715000103,202303,2023-03-01
42813742000186,202302,2023-02-01
42813751000177,202306,2023-06-01
42814769000193,202301,2023-01-01
42814813000165,202301,2023-01-01
42814944000142,202301,2023-01-01
42827176000161,202301,2023-01-01
42831231000197,202301,2023-01-01
42847253000145,202304,2023-04-01
42847342000191,202301,2023-01-01
42847484000159,202301,2023-01-01
42848014000100,202301,2023-01-01
42865247000110,202301,2023-01-01
42865719000135,202301,2023-01-01
42870959000128,202301,2023-01-01
42921777000139,202303,2023-03-01
42922268000120,202301,2023-01-01
42934049000161,202301,2023-01-01
43103846000160,202301,2023-01-01
43122009000188,202301,2023-01-01
43122017000124,202301,2023-01-01
43122073000169,202301,2023-01-01
43122090000104,202301,2023-01-01
43140450000192,202301,2023-01-01
43140638000130,202301,2023-01-01
43140750000171,202301,2023-01-01
43164438000118,202301,2023-01-01
43165507000108,202301,2023-01-01
43450518000130,202301,2023-01-01
43508859000119,202301,2023-01-01
43584015000157,202301,2023-01-01
43584575000101,202301,2023-01-01
43584990000165,202506,2025-06-01
43597393000175,202301,2023-01-01
43619743000157,202301,2023-01-01
43631871000116,202301,2023-01-01
43636043000170,202301,2023-01-01
43636081000123,202301,2023-01-01
43636102000100,202301,2023-01-01
43690520000186,202301,2023-01-01
43737615000108,202301,2023-01-01
43758715000110,202301,2023-01-01
43760546000153,202301,2023-01-01
43778949000120,202301,2023-01-01
43790923000105,202301,2023-01-01
43790956000147,202301,2023-01-01
43915486000109,202301,2023-01-01
43960245000173,202301,2023-01-01
44025131000107,202301,2023-01-01
44109989000141,202303,2023-03-01
44110011000108,202402,2024-02-01
44162109000109,202301,2023-01-01
44196930000138,202309,2023-09-01
44211989000158,202301,2023-01-01
44212092000149,202301,2023-01-01
44212217000130,202301,2023-01-01
44212301000154,202301,2023-01-01
44212650000176,202301,2023-01-01
44229743000103,202403,2024-03-01
44229915000149,202311,2023-11-01
44230868000153,202301,2023-01-01
44271539000150,202407,2024-07-01
44271594000140,202506,2025-06-01
44283966000159,202301,2023-01-01
44315864000178,202301,2023-01-01
44347394000124,202301,2023-01-01
44360319000101,202301,2023-01-01
44361134000103,202301,2023-01-01
44371942000151,202301,2023-01-01
44409284000140,202301,2023-01-01
44409359000192,202305,2023-05-01
44417248000128,202301,2023-01-01
44434922000182,202301,2023-01-01
44458613000142,202301,2023-01-01
44459125000150,202301,2023-01-01
44574326000106,202301,2023-01-01
44672489000113,202301,2023-01-01
44672936000134,202301,2023-01-01
44703439000156,202301,2023-01-01
44748987000100,202301,2023-01-01
44764166000150,202301,2023-01-01
44835820000179,202301,2023-01-01
44839845000140,202301,2023-01-01
44870067000152,202301,2023-01-01
44900549000108,202303,2023-03-01
44903727000154,202301,2023-01-01
44917374000141,202301,2023-01-01
44917400000131,202301,2023-01-01
44917472000189,202301,2023-01-01
44917492000150,202301,2023-01-01
44933162000158,202301,2023-01-01
44960766000193,202301,2023-01-01
44967444000176,202301,2023-01-01
44977584000125,202301,2023-01-01
44980461000143,202301,2023-01-01
45019458000120,202301,2023-01-01
45063855000108,202301,2023-01-01
45081662000171,202301,2023-01-01
45081835000151,202301,2023-01-01
45088665000137,202301,2023-01-01
45103998000198,202301,2023-01-01
45104170000154,202301,2023-01-01
45147116000196,202301,2023-01-01
45295157000120,202301,2023-01-01
45295606000130,202301,2023-01-01
45302406000167,202307,2023-07-01
45354855000159,202301,2023-01-01
45386487000120,202301,2023-01-01
45443993000104,202301,2023-01-01
45444067000153,202301,2023-01-01
45444101000190,202301,2023-01-01
45494496000135,202301,2023-01-01
45511206000114,202301,2023-01-01
45642714000131,202303,2023-03-01
45645190000132,202508,2025-08-01
45646162000130,202301,2023-01-01
45646230000160,202301,2023-01-01
45656777000147,202303,2023-03-01
45682244000130,202301,2023-01-01
45683322000110,202301,2023-01-01
45683352000127,202301,2023-01-01
45688098000150,202301,2023-01-01
45688636000106,202301,2023-01-01
45688718000150,202301,2023-01-01
45722996000187,202301,2023-01-01
45726917000106,202301,2023-01-01
45756554000151,202308,2023-08-01
45912093000169,202301,2023-01-01
45912178000147,202301,2023-01-01
46082347000121,202301,2023-01-01
46098698000120,202301,2023-01-01
46098742000100,202301,2023-01-01
46098916000127,202301,2023-01-01
46099626000106,202301,2023-01-01
46172369000182,202304,2023-04-01
46246589000103,202301,2023-01-01
46328602000173,202301,2023-01-01
46328680000178,202301,2023-01-01
46328752000187,202301,2023-01-01
46328929000145,202301,2023-01-01
46328987000179,202301,2023-01-01
46329357000119,202301,2023-01-01
46332105000149,202301,2023-01-01
46334681000125,202508,2025-08-01
46373760000145,202301,2023-01-01
46385360000150,202301,2023-01-01
46401052000170,202301,2023-01-01
46415283000133,202301,2023-01-01
46423681000100,202301,2023-01-01
46438835000129,202301,2023-01-01
46438863000146,202301,2023-01-01
46449438000152,202301,2023-01-01
46449621000158,202305,2023-05-01
46467107000145,202304,2023-04-01
46474477000100,202301,2023-01-01
46479870000196,202407,2024-07-01
46503160000154,202301,2023-01-01
46539506000174,202301,2023-01-01
46573364000161,202309,2023-09-01
46655366000108,202304,2023-04-01
46685489000183,202301,2023-01-01
46685502000102,202301,2023-01-01
46700364000185,202301,2023-01-01
46762380000100,202301,2023-01-01
46762699000128,202301,2023-01-01
46763213000176,202303,2023-03-01
46975474000150,202309,2023-09-01
46975834000113,202303,2023-03-01
46997370000146,202305,2023-05-01
46997395000140,202301,2023-01-01
47020699000115,202507,2025-07-01
47086196000142,202408,2024-08-01
47102746000170,202301,2023-01-01
47212160000168,202303,2023-03-01
47212494000131,202305,2023-05-01
47227609000161,202310,2023-10-01
47443943000152,202301,2023-01-01
47457540000162,202301,2023-01-01
47457832000103,202301,2023-01-01
47512582000159,202301,2023-01-01
47540095000108,202301,2023-01-01
47540226000149,202301,2023-01-01
47543107000140,202301,2023-01-01
47543238000127,202301,2023-01-01
47562268000180,202301,2023-01-01
47586388000118,202301,2023-01-01
47586467000129,202301,2023-01-01
47586503000154,202309,2023-09-01
47610743000147,202301,2023-01-01
47612777000170,202301,2023-01-01
47628822000185,202301,2023-01-01
47628885000131,202301,2023-01-01
47628918000143,202301,2023-01-01
47698578000127,202301,2023-01-01
47715736000100,202309,2023-09-01
47716553000109,202410,2024-10-01
47728212000153,202311,2023-11-01
47729760000106,202301,2023-01-01
47730898000117,202301,2023-01-01
47776713000105,202301,2023-01-01
48133419000148,202301,2023-01-01
48373485000195,202301,2023-01-01
48393053000146,202304,2023-04-01
48411732000109,202301,2023-01-01
48553311000104,202407,2024-07-01
48554073000151,202407,2024-07-01
48554212000147,202301,2023-01-01
48554260000135,202301,2023-01-01
48658513000110,202301,2023-01-01
48670714000133,202306,2023-06-01
48766978000195,202407,2024-07-01
48884731000173,202304,2023-04-01
48948661000170,202303,2023-03-01
48953198000154,202303,2023-03-01
48969047000194,202301,2023-01-01
48969700000115,202301,2023-01-01
48969821000167,202301,2023-01-01
48970212000128,202302,2023-02-01
48975466000139,202307,2023-07-01
48986296000198,202301,2023-01-01
49001109000132,202302,2023-02-01
49001440000152,202303,2023-03-01
49077283000169,202305,2023-05-01
49115219000125,202302,2023-02-01
49124184000190,202301,2023-01-01
49178674000170,202301,2023-01-01
49183606000107,202301,2023-01-01
49227505000182,202312,2023-12-01
49269925000121,202302,2023-02-01
49270021000116,202302,2023-02-01
49289104000157,202303,2023-03-01
49328341000180,202302,2023-02-01
49366532000136,202302,2023-02-01
49414058000170,202302,2023-02-01
49438428000100,202302,2023-02-01
49454180000170,202307,2023-07-01
49460236000108,202303,2023-03-01
49489422000161,202303,2023-03-01
49558667000101,202303,2023-03-01
49559434000115,202303,2023-03-01
49598896000141,202303,2023-03-01
49624023000166,202302,2023-02-01
49633643000161,202307,2023-07-01
49647912000149,202303,2023-03-01
49722651000184,202304,2023-04-01
49768506000134,202303,2023-03-01
49818870000161,202303,2023-03-01
49827171000188,202407,2024-07-01
49843141000165,202303,2023-03-01
49851069000118,202306,2023-06-01
49920429000196,202305,2023-05-01
49924950000100,202303,2023-03-01
49931360000104,202307,2023-07-01
49933828000191,202303,2023-03-01
49977033000185,202306,2023-06-01
49980566000116,202303,2023-03-01
50006439000108,202305,2023-05-01
50019162000140,202303,2023-03-01
50038992000114,202303,2023-03-01
50039659000120,202305,2023-05-01
50067989000129,202306,2023-06-01
50069605000107,202305,2023-05-01
50074358000137,202304,2023-04-01
50076958000134,202304,2023-04-01
50099740000103,202306,2023-06-01
50112294000111,202304,2023-04-01
50116962000189,202305,2023-05-01
50128371000121,202305,2023-05-01
50190791000138,202304,2023-04-01
50191322000133,202304,2023-04-01
50198930000170,202304,2023-04-01
50223269000105,202304,2023-04-01
50272216000184,202304,2023-04-01
50290023000156,202309,2023-09-01
50320512000103,202407,2024-07-01
50326147000144,202306,2023-06-01
50349168000185,202305,2023-05-01
50390553000176,202307,2023-07-01
50421373000104,202307,2023-07-01
50435660000173,202305,2023-05-01
50514867000133,202305,2023-05-01
50553108000180,202309,2023-09-01
50563729000144,202306,2023-06-01
50622383000108,202306,2023-06-01
50642928000148,202305,2023-05-01
50652489000154,202402,2024-02-01
50658258000158,202305,2023-05-01
50677561000106,202306,2023-06-01
50678270000124,202306,2023-06-01
50697486000137,202305,2023-05-01
50705390000173,202306,2023-06-01
50717653000164,202311,2023-11-01
50733585000127,202308,2023-08-01
50765209000114,202306,2023-06-01
50765883000107,202306,2023-06-01
50799566000101,202306,2023-06-01
50803491000187,202403,2024-03-01
50817290000139,202306,2023-06-01
50820465000167,202305,2023-05-01
50821045000103,202307,2023-07-01
50840386000118,202309,2023-09-01
50860797000175,202306,2023-06-01
50861003000198,202307,2023-07-01
50862124000154,202307,2023-07-01
50868823000101,202307,2023-07-01
50874219000198,202306,2023-06-01
50875116000142,202310,2023-10-01
50879270000192,202306,2023-06-01
50890486000159,202306,2023-06-01
50891130000130,202308,2023-08-01
50910444000132,202306,2023-06-01
50925001000115,202309,2023-09-01
50926512000151,202306,2023-06-01
50926941000129,202306,2023-06-01
50927112000160,202306,2023-06-01
50946766000131,202306,2023-06-01
50979958000144,202306,2023-06-01
51010435000158,202306,2023-06-01
51024922000170,202307,2023-07-01
51033302000105,202306,2023-06-01
51041048000189,202308,2023-08-01
51058091000157,202306,2023-06-01
51063538000186,202407,2024-07-01
51075995000190,202307,2023-07-01
51096061000135,202403,2024-03-01
51112915000120,202306,2023-06-01
51161157000130,202307,2023-07-01
51168708000197,202306,2023-06-01
51181910000159,202308,2023-08-01
51196992000105,202306,2023-06-01
51200543000193,202404,2024-04-01
51225664000190,202307,2023-07-01
51234049000140,202312,2023-12-01
51238218000110,202307,2023-07-01
51278597000171,202307,2023-07-01
51289474000136,202309,2023-09-01
51304522000118,202307,2023-07-01
51334511000180,202307,2023-07-01
51357586000187,202401,2024-01-01
51365675000175,202308,2023-08-01
51378137000115,202308,2023-08-01
51381641000174,202307,2023-07-01
51383310000173,202307,2023-07-01
51389786000111,202308,2023-08-01
51476823000129,202307,2023-07-01
51487766000183,202308,2023-08-01
51507955000170,202307,2023-07-01
51511514000142,202307,2023-07-01
51516067000114,202308,2023-08-01
51533573000111,202307,2023-07-01
51538282000116,202308,2023-08-01
51555270000108,202307,2023-07-01
51556889000129,202308,2023-08-01
51572183000150,202308,2023-08-01
51604570000121,202308,2023-08-01
51623321000183,202308,2023-08-01
51637707000144,202308,2023-08-01
51637886000110,202308,2023-08-01
51661677000101,202308,2023-08-01
51697128000197,202308,2023-08-01
51710645000159,202308,2023-08-01
51714018000196,202308,2023-08-01
51726488000170,202308,2023-08-01
51766295000142,202308,2023-08-01
51800853000149,202309,2023-09-01
51825326000199,202308,2023-08-01
51853123000106,202309,2023-09-01
51863123000197,202308,2023-08-01
51863845000141,202308,2023-08-01
51868939000103,202312,2023-12-01
51885543000174,202308,2023-08-01
51903744000157,202309,2023-09-01
51924043000102,202312,2023-12-01
51928186000184,202308,2023-08-01
51942073000133,202309,2023-09-01
51959820000146,202308,2023-08-01
51977823000102,202309,2023-09-01
51982216000130,202404,2024-04-01
52046394000112,202309,2023-09-01
52071627000137,202309,2023-09-01
52096571000175,202309,2023-09-01
52111528000131,202309,2023-09-01
52115449000107,202309,2023-09-01
52133916000113,202309,2023-09-01
52151437000120,202309,2023-09-01
52155255000127,202309,2023-09-01
52163627000167,202309,2023-09-01
52164607000100,202309,2023-09-01
52188815000140,202412,2024-12-01
52195023000100,202311,2023-11-01
52203642000191,202309,2023-09-01
52203762000199,202309,2023-09-01
52204076000132,202309,2023-09-01
52216276000105,202309,2023-09-01
52221407000142,202309,2023-09-01
52225340000114,202309,2023-09-01
52234145000150,202309,2023-09-01
52237532000140,202309,2023-09-01
52241587000124,202311,2023-11-01
52248139000152,202309,2023-09-01
52249657000190,202402,2024-02-01
52259352000160,202404,2024-04-01
52259535000185,202403,2024-03-01
52268697000180,202312,2023-12-01
52272425000153,202505,2025-05-01
52272566000176,202512,2025-12-01
52272574000112,202309,2023-09-01
52272665000158,202408,2024-08-01
52272755000149,202402,2024-02-01
52272792000157,202407,2024-07-01
52273340000190,202309,2023-09-01
52273351000170,202409,2024-09-01
52276849000196,202309,2023-09-01
52279344000185,202402,2024-02-01
52280783000108,202309,2023-09-01
52285727000166,202309,2023-09-01
52285828000137,202309,2023-09-01
52301436000114,202311,2023-11-01
52305889000119,202309,2023-09-01
52319866000163,202309,2023-09-01
52324362000131,202309,2023-09-01
52333139000150,202312,2023-12-01
52342478000101,202501,2025-01-01
52449950000100,202310,2023-10-01
52459972000142,202310,2023-10-01
52479263000129,202311,2023-11-01
52562077000159,202402,2024-02-01
52578153000114,202311,2023-11-01
52580782000189,202311,2023-11-01
52699397000155,202311,2023-11-01
52770900000111,202311,2023-11-01
52771267000186,202312,2023-12-01
52791573000184,202311,2023-11-01
52792067000100,202311,2023-11-01
52810847000135,202311,2023-11-01
52837350000100,202401,2024-01-01
52840769000111,202511,2025-11-01
52842303000155,202311,2023-11-01
52854925000101,202311,2023-11-01
52875912000100,202403,2024-03-01
52878009000101,202311,2023-11-01
52879059000103,202402,2024-02-01
52882840000129,202311,2023-11-01
52892279000169,202311,2023-11-01
52909503000188,202312,2023-12-01
52909821000149,202404,2024-04-01
52910190000188,202311,2023-11-01
52910681000129,202311,2023-11-01
52950174000119,202312,2023-12-01
52953507000163,202311,2023-11-01
52954432000135,202401,2024-01-01
52955321000143,202404,2024-04-01
52962653000155,202409,2024-09-01
52962690000163,202403,2024-03-01
52962863000143,202403,2024-03-01
52963364000170,202412,2024-12-01
52963512000157,202410,2024-10-01
52963564000123,202407,2024-07-01
52968244000166,202312,2023-12-01
52982533000110,202312,2023-12-01
52984620000106,202404,2024-04-01
52984692000153,202402,2024-02-01
52984696000131,202404,2024-04-01
52984741000158,202406,2024-06-01
52984744000191,202402,2024-02-01
52985141000104,202403,2024-03-01
52986103000176,202602,2026-02-01
52986251000190,202506,2025-06-01
52999105000108,202312,2023-12-01
53018805000129,202312,2023-12-01
53074013000171,202312,2023-12-01
53074033000142,202507,2025-07-01
53074532000130,202312,2023-12-01
53075427000115,202401,2024-01-01
53076690000129,202408,2024-08-01
53076975000160,202312,2023-12-01
53077797000191,202312,2023-12-01
53088893000135,202312,2023-12-01
53095152000181,202501,2025-01-01
53109614000172,202402,2024-02-01
53109857000100,202403,2024-03-01
53177632000191,202312,2023-12-01
53179684000105,202312,2023-12-01
53180560000131,202402,2024-02-01
53180706000149,202403,2024-03-01
53180845000172,202412,2024-12-01
53203274000144,202402,2024-02-01
53212784000188,202401,2024-01-01
53270406000150,202401,2024-01-01
53293548000133,202402,2024-02-01
53294214000184,202401,2024-01-01
53312814000128,202401,2024-01-01
53313437000141,202401,2024-01-01
53316565000149,202401,2024-01-01
53324036000197,202401,2024-01-01
53327343000121,202401,2024-01-01
53359596000187,202401,2024-01-01
53359716000146,202401,2024-01-01
53371769000182,202402,2024-02-01
53372590000140,202402,2024-02-01
53390524000100,202401,2024-01-01
53413051000101,202401,2024-01-01
53422599000118,202401,2024-01-01
53444176000107,202406,2024-06-01
53448154000107,202401,2024-01-01
53450033000108,202406,2024-06-01
53452110000150,202401,2024-01-01
53501945000153,202402,2024-02-01
53502091000120,202407,2024-07-01
53503230000130,202402,2024-02-01
53508773000140,202401,2024-01-01
53509435000122,202401,2024-01-01
53520749000126,202408,2024-08-01
53537566000113,202404,2024-04-01
53552316000152,202401,2024-01-01
53553068000164,202402,2024-02-01
53553233000188,202402,2024-02-01
53558163000150,202402,2024-02-01
53602540000101,202403,2024-03-01
53604200000110,202401,2024-01-01
53623218000169,202402,2024-02-01
53623608000139,202402,2024-02-01
53635550000143,202402,2024-02-01
53636931000147,202410,2024-10-01
53644037000119,202401,2024-01-01
53655857000106,202402,2024-02-01
53657535000104,202402,2024-02-01
53670651000155,202402,2024-02-01
53670932000108,202402,2024-02-01
53675759000130,202404,2024-04-01
53692814000109,202409,2024-09-01
53726108000122,202401,2024-01-01
53739077000144,202402,2024-02-01
53759902000172,202403,2024-03-01
53766005000196,202403,2024-03-01
53775592000180,202406,2024-06-01
53775856000103,202412,2024-12-01
53776163000127,202407,2024-07-01
53776486000110,202406,2024-06-01
53776531000137,202407,2024-07-01
53776595000138,202406,2024-06-01
53798986000153,202402,2024-02-01
53802999000159,202406,2024-06-01
53803266000139,202403,2024-03-01
53803655000164,202407,2024-07-01
53819577000196,202403,2024-03-01
53823295000162,202403,2024-03-01
53827154000118,202403,2024-03-01
53827910000109,202403,2024-03-01
53828015000109,202405,2024-05-01
53828295000155,202402,2024-02-01
53828427000149,202404,2024-04-01
53842646000182,202403,2024-03-01
53847333000117,202404,2024-04-01
53857092000197,202404,2024-04-01
53857130000101,202404,2024-04-01
53858396000179,202402,2024-02-01
53865931000119,202402,2024-02-01
53906581000191,202402,2024-02-01
53906748000114,202404,2024-04-01
53906981000105,202402,2024-02-01
53909049000128,202402,2024-02-01
53921236000127,202403,2024-03-01
53922164000132,202402,2024-02-01
53926542000156,202404,2024-04-01
53962215000150,202403,2024-03-01
53962293000154,202403,2024-03-01
53962449000105,202403,2024-03-01
53962771000126,202402,2024-02-01
53969799000195,202403,2024-03-01
53971385000109,202402,2024-02-01
53980424000126,202404,2024-04-01
53980788000106,202403,2024-03-01
53989928000107,202403,2024-03-01
53990350000109,202506,2025-06-01
53990541000170,202507,2025-07-01
53991112000118,202603,2026-03-01
53991547000162,202402,2024-02-01
53991752000128,202403,2024-03-01
54005088000163,202403,2024-03-01
54006238000153,202402,2024-02-01
54007648000119,202403,2024-03-01
54007899000101,202404,2024-04-01
54008247000183,202404,2024-04-01
54008556000153,202403,2024-03-01
54008795000103,202403,2024-03-01
54008802000177,202404,2024-04-01
54008987000110,202402,2024-02-01
54020440000130,202403,2024-03-01
54021672000102,202407,2024-07-01
54022134000132,202404,2024-04-01
54023112000197,202406,2024-06-01
54025238000109,202403,2024-03-01
54026114000130,202405,2024-05-01
54029274000132,202403,2024-03-01
54047532000103,202403,2024-03-01
54047830000101,202404,2024-04-01
54048422000166,202403,2024-03-01
54062386000195,202402,2024-02-01
54065159000113,202407,2024-07-01
54070196000110,202403,2024-03-01
54070861000175,202403,2024-03-01
54070985000150,202404,2024-04-01
54072658000138,202403,2024-03-01
54092021000103,202402,2024-02-01
54104510000138,202502,2025-02-01
54104763000101,202403,2024-03-01
54106156000180,202403,2024-03-01
54106504000110,202403,2024-03-01
54114987000102,202403,2024-03-01
54115218000110,202404,2024-04-01
54115354000100,202405,2024-05-01
54124933000110,202403,2024-03-01
54125545000153,202412,2024-12-01
54128184000107,202405,2024-05-01
54130675000184,202405,2024-05-01
54133777000153,202403,2024-03-01
54149691000119,202405,2024-05-01
54150227000142,202405,2024-05-01
54151845000107,202403,2024-03-01
54152157000161,202403,2024-03-01
54169385000144,202406,2024-06-01
54170181000123,202405,2024-05-01
54170554000166,202405,2024-05-01
54173311000181,202406,2024-06-01
54174048000145,202403,2024-03-01
54179046000149,202403,2024-03-01
54200289000111,202404,2024-04-01
54200888000135,202404,2024-04-01
54212291000100,202412,2024-12-01
54217318000158,202406,2024-06-01
54217470000130,202404,2024-04-01
54227728000180,202403,2024-03-01
54228000000172,202404,2024-04-01
54233243000107,202404,2024-04-01
54235704000172,202404,2024-04-01
54237051000160,202405,2024-05-01
54248494000157,202403,2024-03-01
54251235000185,202403,2024-03-01
54252360000100,202403,2024-03-01
54272086000130,202404,2024-04-01
54277476000101,202510,2025-10-01
54277489000172,202403,2024-03-01
54277615000199,202404,2024-04-01
54278859000196,202403,2024-03-01
54279549000196,202403,2024-03-01
54292227000187,202405,2024-05-01
54313147000160,202404,2024-04-01
54322173000155,202404,2024-04-01
54332024000177,202409,2024-09-01
54333128000104,202406,2024-06-01
54333407000160,202404,2024-04-01
54333831000104,202404,2024-04-01
54334448000170,202403,2024-03-01
54334534000183,202404,2024-04-01
54334726000190,202403,2024-03-01
54334995000156,202404,2024-04-01
54341666000132,202403,2024-03-01
54345278000120,202404,2024-04-01
54347933000189,202404,2024-04-01
54350048000159,202404,2024-04-01
54350167000101,202404,2024-04-01
54350231000154,202405,2024-05-01
54365722000179,202405,2024-05-01
54366569000102,202403,2024-03-01
54367802000163,202404,2024-04-01
54367942000131,202405,2024-05-01
54374180000109,202405,2024-05-01
54381707000114,202405,2024-05-01
54384289000119,202407,2024-07-01
54384337000179,202502,2025-02-01
54384365000196,202406,2024-06-01
54384400000177,202405,2024-05-01
54384609000130,202406,2024-06-01
54384643000105,202405,2024-05-01
54384687000135,202407,2024-07-01
54384723000160,202408,2024-08-01
54384916000111,202406,2024-06-01
54385101000157,202408,2024-08-01
54391780000177,202403,2024-03-01
54405192000145,202404,2024-04-01
54407534000166,202403,2024-03-01
54409981000154,202404,2024-04-01
54410101000160,202404,2024-04-01
54410516000133,202403,2024-03-01
54422882000102,202406,2024-06-01
54426679000104,202404,2024-04-01
54436219000167,202405,2024-05-01
54438539000156,202404,2024-04-01
54440968000168,202403,2024-03-01
54441115000140,202403,2024-03-01
54463551000110,202404,2024-04-01
54463768000120,202405,2024-05-01
54465283000176,202409,2024-09-01
54485055000168,202404,2024-04-01
54486726000105,202404,2024-04-01
54487556000183,202405,2024-05-01
54487667000190,202407,2024-07-01
54487714000103,202406,2024-06-01
54487778000104,202405,2024-05-01
54496626000160,202407,2024-07-01
54501503000170,202403,2024-03-01
54517219000191,202404,2024-04-01
54518613000144,202404,2024-04-01
54518783000129,202404,2024-04-01
54518925000158,202404,2024-04-01
54541970000123,202409,2024-09-01
54542996000196,202404,2024-04-01
54546664000180,202405,2024-05-01
54546863000198,202407,2024-07-01
54547163000118,202404,2024-04-01
54547258000131,202404,2024-04-01
54558737000153,202404,2024-04-01
54564966000180,202404,2024-04-01
54566051000104,202404,2024-04-01
54566226000183,202404,2024-04-01
54582300000155,202404,2024-04-01
54584477000190,202405,2024-05-01
54599810000135,202404,2024-04-01
54600520000164,202404,2024-04-01
54601837000115,202404,2024-04-01
54602092000109,202405,2024-05-01
54602844000131,202405,2024-05-01
54602971000130,202404,2024-04-01
54603605000104,202405,2024-05-01
54617556000150,202406,2024-06-01
54617897000126,202407,2024-07-01
54618143000190,202408,2024-08-01
54618187000110,202406,2024-06-01
54643280000185,202405,2024-05-01
54643894000167,202407,2024-07-01
54643939000101,202407,2024-07-01
54644019000108,202404,2024-04-01
54644328000170,202405,2024-05-01
54644413000138,202404,2024-04-01
54644512000110,202404,2024-04-01
54660721000157,202404,2024-04-01
54680816000132,202405,2024-05-01
54710401000164,202405,2024-05-01
54713571000100,202407,2024-07-01
54713770000100,202404,2024-04-01
54715191000105,202405,2024-05-01
54715962000156,202404,2024-04-01
54745704000112,202406,2024-06-01
54754380000189,202405,2024-05-01
54758649000103,202405,2024-05-01
54760175000126,202405,2024-05-01
54760280000165,202405,2024-05-01
54760539000178,202405,2024-05-01
54773359000120,202405,2024-05-01
54776180000127,202406,2024-06-01
54779308000106,202405,2024-05-01
54779512000127,202404,2024-04-01
54779587000108,202405,2024-05-01
54779598000198,202405,2024-05-01
54779679000198,202405,2024-05-01
54788959000162,202410,2024-10-01
54793790000139,202410,2024-10-01
54794710000160,202407,2024-07-01
54794777000102,202405,2024-05-01
54794799000164,202406,2024-06-01
54794954000142,202408,2024-08-01
54803982000189,202409,2024-09-01
54811496000102,202406,2024-06-01
54813687000103,202405,2024-05-01
54834372000142,202404,2024-04-01
54835274000120,202409,2024-09-01
54853793000110,202410,2024-10-01
54854995000187,202406,2024-06-01
54855450000195,202411,2024-11-01
54856394000103,202404,2024-04-01
54872331000140,202404,2024-04-01
54873893000109,202405,2024-05-01
54875709000160,202405,2024-05-01
54883919000108,202406,2024-06-01
54884180000140,202405,2024-05-01
54888270000100,202410,2024-10-01
54893266000130,202405,2024-05-01
54893611000135,202405,2024-05-01
54893677000125,202405,2024-05-01
54900133000143,202407,2024-07-01
54904083000172,202408,2024-08-01
54909934000170,202406,2024-06-01
54910462000175,202405,2024-05-01
54910665000161,202405,2024-05-01
54912056000141,202405,2024-05-01
54931987000197,202405,2024-05-01
54936922000134,202405,2024-05-01
54952299000103,202405,2024-05-01
54952575000133,202405,2024-05-01
54954879000130,202507,2025-07-01
54973853000139,202405,2024-05-01
54976144000107,202407,2024-07-01
54976215000171,202405,2024-05-01
54976744000175,202405,2024-05-01
54979157000130,202405,2024-05-01
54980234000171,202407,2024-07-01
54996800000133,202406,2024-06-01
54996960000182,202406,2024-06-01
54997138000136,202408,2024-08-01
55018863000188,202405,2024-05-01
55019321000120,202408,2024-08-01
55019751000141,202405,2024-05-01
55020138000144,202406,2024-06-01
55020228000135,202407,2024-07-01
55030873000139,202406,2024-06-01
55035529000132,202406,2024-06-01
55036145000134,202408,2024-08-01
55052221000103,202405,2024-05-01
55052860000160,202406,2024-06-01
55052986000135,202406,2024-06-01
55053084000113,202406,2024-06-01
55053659000106,202411,2024-11-01
55054075000147,202407,2024-07-01
55064130000180,202405,2024-05-01
55068591000120,202501,2025-01-01
55068674000110,202408,2024-08-01
55068755000110,202411,2024-11-01
55068840000188,202407,2024-07-01
55068869000160,202409,2024-09-01
55068953000183,202407,2024-07-01
55069073000121,202408,2024-08-01
55069151000198,202405,2024-05-01
55069807000172,202407,2024-07-01
55073649000124,202406,2024-06-01
55083993000102,202412,2024-12-01
55087532000108,202405,2024-05-01
55088856000152,202406,2024-06-01
55089131000189,202409,2024-09-01
55101260000145,202406,2024-06-01
55101415000143,202406,2024-06-01
55105106000141,202408,2024-08-01
55109529000130,202409,2024-09-01
55109850000114,202406,2024-06-01
55110376000140,202407,2024-07-01
55110714000144,202407,2024-07-01
55111228000140,202406,2024-06-01
55111474000100,202408,2024-08-01
55111599000122,202408,2024-08-01
55112047000139,202410,2024-10-01
55112367000199,202409,2024-09-01
55112451000102,202407,2024-07-01
55112525000100,202408,2024-08-01
55112606000100,202406,2024-06-01
55117996000101,202407,2024-07-01
55121153000189,202405,2024-05-01
55126476000165,202406,2024-06-01
55136457000110,202406,2024-06-01
55138841000151,202406,2024-06-01
55140544000140,202406,2024-06-01
55140702000162,202406,2024-06-01
55144098000142,202406,2024-06-01
55144371000139,202411,2024-11-01
55150666000118,202405,2024-05-01
55159406000103,202411,2024-11-01
55160342000160,202406,2024-06-01
55161795000101,202504,2025-04-01
55161850000163,202406,2024-06-01
55162173000106,202406,2024-06-01
55162785000190,202406,2024-06-01
55172242000154,202406,2024-06-01
55172307000161,202407,2024-07-01
55172353000160,202408,2024-08-01
55176419000190,202407,2024-07-01
55176509000181,202410,2024-10-01
55176840000100,202406,2024-06-01
55177251000138,202412,2024-12-01
55193005000170,202405,2024-05-01
55196480000108,202406,2024-06-01
55196942000189,202405,2024-05-01
55213551000125,202406,2024-06-01
55215989000142,202406,2024-06-01
55217827000143,202512,2025-12-01
55230301000101,202606,2026-06-01
55231454000165,202406,2024-06-01
55237992000167,202410,2024-10-01
55240049000103,202410,2024-10-01
55240187000192,202406,2024-06-01
55250638000172,202406,2024-06-01
55250846000171,202407,2024-07-01
55253855000116,202411,2024-11-01
55263153000113,202406,2024-06-01
55264830000118,202410,2024-10-01
55267271000108,202511,2025-11-01
55274875000173,202406,2024-06-01
55274899000122,202408,2024-08-01
55275483000129,202408,2024-08-01
55299651000116,202406,2024-06-01
55299792000139,202407,2024-07-01
55315251000157,202408,2024-08-01
55317990000188,202406,2024-06-01
55323655000192,202406,2024-06-01
55342126000136,202407,2024-07-01
55344166000117,202407,2024-07-01
55347477000130,202406,2024-06-01
55348313000127,202407,2024-07-01
55360701000123,202407,2024-07-01
55368221000109,202406,2024-06-01
55379681000132,202407,2024-07-01
55381060000193,202407,2024-07-01
55382000000195,202408,2024-08-01
55382748000198,202501,2025-01-01
55384132000156,202406,2024-06-01
55387239000158,202406,2024-06-01
55392560000120,202406,2024-06-01
55392723000175,202406,2024-06-01
55392885000103,202407,2024-07-01
55393064000191,202406,2024-06-01
55402464000116,202407,2024-07-01
55435590000177,202408,2024-08-01
55437642000144,202408,2024-08-01
55437858000100,202406,2024-06-01
55444936000101,202504,2025-04-01
55459928000120,202407,2024-07-01
55465528000128,202408,2024-08-01
55466751000190,202410,2024-10-01
55466958000164,202409,2024-09-01
55467075000179,202409,2024-09-01
55467420000174,202409,2024-09-01
55477207000143,202407,2024-07-01
55477809000109,202406,2024-06-01
55485710000140,202406,2024-06-01
55488908000188,202407,2024-07-01
55490066000107,202408,2024-08-01
55502385000187,202406,2024-06-01
55505792000148,202408,2024-08-01
55506450000142,202407,2024-07-01
55507561000173,202412,2024-12-01
55507577000186,202408,2024-08-01
55507601000187,202408,2024-08-01
55515189000147,202605,2026-05-01
55521846000169,202408,2024-08-01
55536261000112,202407,2024-07-01
55536855000123,202407,2024-07-01
55538070000190,202410,2024-10-01
55538903000112,202407,2024-07-01
55539196000189,202408,2024-08-01
55539367000170,202407,2024-07-01
55550657000114,202407,2024-07-01
55562304000134,202410,2024-10-01
55563322000130,202409,2024-09-01
55563583000150,202507,2025-07-01
55572497000104,202410,2024-10-01
55574617000102,202409,2024-09-01
55575472000164,202409,2024-09-01
55580077000170,202408,2024-08-01
55582812000184,202501,2025-01-01
55588398000110,202604,2026-04-01
55597133000189,202407,2024-07-01
55597503000188,202506,2025-06-01
55600064000115,202408,2024-08-01
55615052000164,202407,2024-07-01
55618772000183,202406,2024-06-01
55627121000150,202407,2024-07-01
55632270000107,202407,2024-07-01
55647058000113,202407,2024-07-01
55652661000193,202406,2024-06-01
55665281000193,202410,2024-10-01
55674822000140,202407,2024-07-01
55675472000136,202407,2024-07-01
55685435000109,202407,2024-07-01
55689417000103,202406,2024-06-01
55701008000177,202406,2024-06-01
55704392000161,202407,2024-07-01
55708971000182,202407,2024-07-01
55726312000179,202407,2024-07-01
55746538000131,202501,2025-01-01
55750852000198,202408,2024-08-01
55751489000125,202409,2024-09-01
55751548000165,202407,2024-07-01
55751815000102,202408,2024-08-01
55751956000117,202411,2024-11-01
55753823000180,202407,2024-07-01
55754033000119,202408,2024-08-01
55754091000142,202407,2024-07-01
55754239000149,202407,2024-07-01
55761382000168,202408,2024-08-01
55761979000102,202407,2024-07-01
55763285000104,202407,2024-07-01
55767954000116,202407,2024-07-01
55768240000122,202409,2024-09-01
55772629000141,202412,2024-12-01
55808078000129,202411,2024-11-01
55826207000101,202407,2024-07-01
55839003000105,202503,2025-03-01
55861122000164,202409,2024-09-01
55892310000150,202409,2024-09-01
55892816000169,202410,2024-10-01
55893460000188,202407,2024-07-01
55894503000140,202408,2024-08-01
55894683000160,202408,2024-08-01
55895324000127,202410,2024-10-01
55896144000160,202408,2024-08-01
55897646000105,202407,2024-07-01
55898568000163,202407,2024-07-01
55898593000147,202409,2024-09-01
55898974000126,202407,2024-07-01
55899469000104,202407,2024-07-01
55911526000115,202408,2024-08-01
55911650000180,202407,2024-07-01
55912709000155,202408,2024-08-01
55914466000194,202408,2024-08-01
55927207000106,202408,2024-08-01
55928061000105,202408,2024-08-01
55937743000184,202408,2024-08-01
55937998000147,202408,2024-08-01
55939214000110,202407,2024-07-01
55939498000144,202407,2024-07-01
55940692000140,202409,2024-09-01
55945272000156,202408,2024-08-01
55946775000146,202409,2024-09-01
55956652000196,202501,2025-01-01
55981966000149,202407,2024-07-01
55983101000111,202408,2024-08-01
55984087000170,202411,2024-11-01
55994151000102,202408,2024-08-01
55994210000134,202408,2024-08-01
56004782000191,202408,2024-08-01
56022951000116,202408,2024-08-01
56033932000195,202408,2024-08-01
56033991000163,202407,2024-07-01
56046971000127,202409,2024-09-01
56047457000106,202411,2024-11-01
56047653000180,202408,2024-08-01
56049285000100,202503,2025-03-01
56052260000165,202408,2024-08-01
56052884000182,202408,2024-08-01
56053092000122,202408,2024-08-01
56053893000198,202408,2024-08-01
56060474000183,202409,2024-09-01
56067569000129,202408,2024-08-01
56067582000188,202410,2024-10-01
56088570000130,202408,2024-08-01
56089347000107,202408,2024-08-01
56093218000192,202507,2025-07-01
56105999000198,202407,2024-07-01
56108411000150,202408,2024-08-01
56127042000142,202409,2024-09-01
56149470000176,202502,2025-02-01
56154549000195,202408,2024-08-01
56159439000116,202408,2024-08-01
56171855000130,202502,2025-02-01
56174179000158,202409,2024-09-01
56174498000163,202408,2024-08-01
56174734000141,202409,2024-09-01
56174994000117,202409,2024-09-01
56175172000150,202408,2024-08-01
56185166000184,202408,2024-08-01
56199309000107,202409,2024-09-01
56224202000171,202409,2024-09-01
56224296000189,202409,2024-09-01
56281671000122,202409,2024-09-01
56283509000143,202409,2024-09-01
56284312000129,202409,2024-09-01
56285899000190,202408,2024-08-01
56321253000111,202408,2024-08-01
56343321000143,202408,2024-08-01
56365169000108,202408,2024-08-01
56365479000114,202409,2024-09-01
56377520000172,202408,2024-08-01
56388082000148,202409,2024-09-01
56388159000180,202409,2024-09-01
56388249000170,202409,2024-09-01
56388276000143,202409,2024-09-01
56431500000132,202411,2024-11-01
56431727000188,202410,2024-10-01
56504692000160,202409,2024-09-01
56544536000122,202409,2024-09-01
56544725000103,202409,2024-09-01
56545142000199,202409,2024-09-01
56608307000124,202409,2024-09-01
56658377000197,202409,2024-09-01
56659416000170,202411,2024-11-01
56690945000137,202408,2024-08-01
56706457000170,202410,2024-10-01
56706600000124,202505,2025-05-01
56707981000166,202411,2024-11-01
56726092000146,202410,2024-10-01
56778085000198,202409,2024-09-01
56848758000139,202408,2024-08-01
56862671000116,202408,2024-08-01
56876275000148,202409,2024-09-01
56879657000125,202410,2024-10-01
56886239000165,202409,2024-09-01
56886777000150,202409,2024-09-01
56912856000198,202408,2024-08-01
56926582000196,202408,2024-08-01
56934311000182,202409,2024-09-01
56935104000142,202410,2024-10-01
56942408000137,202409,2024-09-01
56951691000163,202502,2025-02-01
56953877000151,202409,2024-09-01
56953911000198,202502,2025-02-01
56955022000160,202410,2024-10-01
56955481000143,202603,2026-03-01
56973849000104,202510,2025-10-01
56974598000174,202409,2024-09-01
56984639000103,202410,2024-10-01
57009700000164,202409,2024-09-01
57009772000101,202409,2024-09-01
57010267000187,202409,2024-09-01
57017755000116,202409,2024-09-01
57018425000145,202503,2025-03-01
57030535000122,202408,2024-08-01
57032992000156,202411,2024-11-01
57033161000107,202505,2025-05-01
57035810000109,202409,2024-09-01
57035905000114,202410,2024-10-01
57039057000111,202409,2024-09-01
57046745000109,202409,2024-09-01
57049210000191,202411,2024-11-01
57061738000186,202409,2024-09-01
57070309000175,202410,2024-10-01
57074069000187,202606,2026-06-01
57075698000121,202409,2024-09-01
57088293000128,202409,2024-09-01
57088620000141,202409,2024-09-01
57110842000113,202410,2024-10-01
57113258000111,202410,2024-10-01
57119209000196,202409,2024-09-01
57134507000155,202410,2024-10-01
57136671000100,202409,2024-09-01
57137857000175,202410,2024-10-01
57138450000162,202409,2024-09-01
57138708000120,202409,2024-09-01
57151194000143,202410,2024-10-01
57154741000144,202409,2024-09-01
57158611000180,202411,2024-11-01
57173714000119,202410,2024-10-01
57190346000117,202409,2024-09-01
57190500000150,202504,2025-04-01
57190762000115,202410,2024-10-01
57204032000126,202411,2024-11-01
57226027000114,202409,2024-09-01
57242432000126,202410,2024-10-01
57249502000178,202410,2024-10-01
57249756000196,202410,2024-10-01
57264092000134,202409,2024-09-01
57279886000171,202504,2025-04-01
57279999000177,202412,2024-12-01
57280201000107,202502,2025-02-01
57280277000132,202412,2024-12-01
57280468000102,202504,2025-04-01
57285625000164,202410,2024-10-01
57285759000185,202410,2024-10-01
57300689000197,202410,2024-10-01
57323572000129,202410,2024-10-01
57324934000104,202410,2024-10-01
57340494000170,202501,2025-01-01
57340633000166,202410,2024-10-01
57341120000170,202410,2024-10-01
57341511000194,202501,2025-01-01
57341650000118,202501,2025-01-01
57341983000147,202411,2024-11-01
57342019000133,202501,2025-01-01
57346416000183,202410,2024-10-01
57375967000175,202410,2024-10-01
57378230000106,202410,2024-10-01
57378517000136,202409,2024-09-01
57395116000194,202410,2024-10-01
57395516000108,202412,2024-12-01
57395648000121,202410,2024-10-01
57400187000138,202411,2024-11-01
57400717000148,202412,2024-12-01
57400933000193,202412,2024-12-01
57416421000115,202410,2024-10-01
57435321000136,202411,2024-11-01
57439066000108,202411,2024-11-01
57449111000105,202410,2024-10-01
57466836000101,202505,2025-05-01
57473219000125,202410,2024-10-01
57473503000100,202410,2024-10-01
57473697000135,202411,2024-11-01
57474275000184,202505,2025-05-01
57474374000166,202504,2025-04-01
57492192000118,202411,2024-11-01
57499088000155,202410,2024-10-01
57499155000131,202411,2024-11-01
57512269000174,202411,2024-11-01
57512491000177,202502,2025-02-01
57527685000146,202411,2024-11-01
57527967000143,202411,2024-11-01
57531860000179,202410,2024-10-01
57535053000124,202411,2024-11-01
57535658000115,202507,2025-07-01
57536308000173,202412,2024-12-01
57536557000169,202410,2024-10-01
57536946000194,202411,2024-11-01
57537357000120,202410,2024-10-01
57552109000159,202411,2024-11-01
57552335000130,202411,2024-11-01
57555037000101,202410,2024-10-01
57555092000193,202412,2024-12-01
57561942000166,202410,2024-10-01
57565778000165,202410,2024-10-01
57566789000160,202410,2024-10-01
57569203000110,202502,2025-02-01
57591252000150,202410,2024-10-01
57591671000191,202411,2024-11-01
57613783000104,202411,2024-11-01
57626567000195,202410,2024-10-01
57627579000134,202410,2024-10-01
57628211000190,202412,2024-12-01
57629609000141,202412,2024-12-01
57636187000131,202410,2024-10-01
57639394000140,202411,2024-11-01
57641567000164,202410,2024-10-01
57654090000151,202410,2024-10-01
57662061000131,202410,2024-10-01
57662228000164,202411,2024-11-01
57681558000105,202411,2024-11-01
57681917000116,202410,2024-10-01
57682222000159,202410,2024-10-01
57699544000100,202410,2024-10-01
57706349000160,202411,2024-11-01
57711303000130,202410,2024-10-01
57711375000187,202503,2025-03-01
57713013000125,202411,2024-11-01
57713250000196,202411,2024-11-01
57714518000104,202412,2024-12-01
57714726000103,202504,2025-04-01
57719249000179,202410,2024-10-01
57733994000172,202602,2026-02-01
57738351000111,202411,2024-11-01
57744364000101,202411,2024-11-01
57744596000151,202412,2024-12-01
57744696000188,202410,2024-10-01
57745265000136,202501,2025-01-01
57746542000125,202412,2024-12-01
57747620000106,202411,2024-11-01
57747855000106,202502,2025-02-01
57771660000193,202411,2024-11-01
57771924000109,202410,2024-10-01
57776875000105,202504,2025-04-01
57777043000103,202501,2025-01-01
57790619000164,202410,2024-10-01
57791787000174,202410,2024-10-01
57796012000191,202411,2024-11-01
57809185000105,202501,2025-01-01
57813684000168,202501,2025-01-01
57815131000144,202410,2024-10-01
57834063000160,202411,2024-11-01
57883031000155,202502,2025-02-01
57883567000170,202411,2024-11-01
57884228000109,202503,2025-03-01
57890176000183,202411,2024-11-01
57897828000101,202502,2025-02-01
57926049000197,202412,2024-12-01
57942829000120,202411,2024-11-01
57952464000115,202411,2024-11-01
57955368000120,202501,2025-01-01
57966847000142,202502,2025-02-01
57967401000132,202412,2024-12-01
57985995000104,202501,2025-01-01
57986005000152,202411,2024-11-01
58002209000174,202501,2025-01-01
58013738000173,202411,2024-11-01
58018929000128,202411,2024-11-01
58052836000110,202505,2025-05-01
58054338000106,202412,2024-12-01
58062679000123,202411,2024-11-01
58069072000175,202412,2024-12-01
58075015000107,202412,2024-12-01
58075902000177,202412,2024-12-01
58088687000149,202411,2024-11-01
58095438000180,202412,2024-12-01
58107448000199,202411,2024-11-01
58108799000114,202412,2024-12-01
58108837000139,202412,2024-12-01
58110964000172,202412,2024-12-01
58111935000125,202412,2024-12-01
58140821000103,202503,2025-03-01
58140887000101,202412,2024-12-01
58174371000170,202505,2025-05-01
58174985000151,202412,2024-12-01
58176513000138,202501,2025-01-01
58191395000137,202501,2025-01-01
58191678000189,202502,2025-02-01
58193485000167,202504,2025-04-01
58213245000187,202412,2024-12-01
58219849000130,202508,2025-08-01
58221726000134,202412,2024-12-01
58238959000140,202605,2026-05-01
58251560000107,202412,2024-12-01
58252364000149,202512,2025-12-01
58253070000131,202509,2025-09-01
58258574000144,202509,2025-09-01
58264015000147,202501,2025-01-01
58275549000179,202503,2025-03-01
58277022000183,202501,2025-01-01
58277322000162,202502,2025-02-01
58280010000108,202501,2025-01-01
58281724000130,202501,2025-01-01
58286101000150,202412,2024-12-01
58286171000109,202412,2024-12-01
58287774000125,202412,2024-12-01
58287952000118,202503,2025-03-01
58289474000185,202510,2025-10-01
58290551000117,202507,2025-07-01
58307597000100,202502,2025-02-01
58311520000103,202501,2025-01-01
58327943000103,202412,2024-12-01
58331211000197,202412,2024-12-01
58332774000108,202510,2025-10-01
58340147000100,202502,2025-02-01
58341091000109,202504,2025-04-01
58341471000143,202503,2025-03-01
58341982000165,202502,2025-02-01
58348647000199,202412,2024-12-01
58348771000154,202501,2025-01-01
58354005000100,202504,2025-04-01
58354857000190,202504,2025-04-01
58360837000121,202504,2025-04-01
58360941000116,202501,2025-01-01
58361052000173,202502,2025-02-01
58364988000158,202502,2025-02-01
58365044000103,202412,2024-12-01
58378060000122,202412,2024-12-01
58396943000165,202501,2025-01-01
58399524000187,202502,2025-02-01
58416021000172,202502,2025-02-01
58437495000109,202501,2025-01-01
58440238000118,202502,2025-02-01
58443366000115,202501,2025-01-01
58443398000110,202412,2024-12-01
58444240000165,202502,2025-02-01
58459098000120,202510,2025-10-01
58459343000107,202412,2024-12-01
58460574000122,202504,2025-04-01
58481477000116,202501,2025-01-01
58490605000198,202412,2024-12-01
58516289000186,202501,2025-01-01
58516864000140,202508,2025-08-01
58529615000190,202508,2025-08-01
58530089000188,202509,2025-09-01
58542057000100,202510,2025-10-01
58547919000180,202501,2025-01-01
58561162000189,202501,2025-01-01
58578837000100,202501,2025-01-01
58580968000114,202503,2025-03-01
58586883000143,202501,2025-01-01
58587071000112,202501,2025-01-01
58600298000150,202501,2025-01-01
58651604000188,202501,2025-01-01
58651661000167,202501,2025-01-01
58651702000115,202502,2025-02-01
58651920000150,202501,2025-01-01
58651958000122,202507,2025-07-01
58653503000146,202501,2025-01-01
58653978000132,202502,2025-02-01
58674067000191,202502,2025-02-01
58674224000169,202501,2025-01-01
58688316000106,202501,2025-01-01
58689667000123,202510,2025-10-01
58691085000181,202507,2025-07-01
58692067000114,202507,2025-07-01
58703709000133,202507,2025-07-01
58707218000160,202503,2025-03-01
58707733000140,202503,2025-03-01
58729502000138,202507,2025-07-01
58733754000130,202502,2025-02-01
58735449000188,202507,2025-07-01
58736286000158,202501,2025-01-01
58758334000109,202501,2025-01-01
58770366000120,202502,2025-02-01
58771665000189,202502,2025-02-01
58771687000149,202503,2025-03-01
58771694000140,202501,2025-01-01
58804815000103,202502,2025-02-01
58806888000134,202502,2025-02-01
58808777000167,202505,2025-05-01
58891176000160,202502,2025-02-01
58903850000180,202501,2025-01-01
58930938000190,202504,2025-04-01
58942869000135,202503,2025-03-01
58976417000174,202506,2025-06-01
59004460000130,202502,2025-02-01
59016052000107,202502,2025-02-01
59016228000112,202503,2025-03-01
59039877000139,202510,2025-10-01
59054402000111,202501,2025-01-01
59055352000197,202503,2025-03-01
59061141000167,202502,2025-02-01
59064446000122,202502,2025-02-01
59067509000102,202503,2025-03-01
59079948000127,202502,2025-02-01
59091360000199,202502,2025-02-01
59091384000148,202510,2025-10-01
59092416000120,202501,2025-01-01
59108512000119,202502,2025-02-01
59123735000155,202505,2025-05-01
59150919000104,202502,2025-02-01
59163342000175,202505,2025-05-01
59163409000171,202505,2025-05-01
59163531000148,202506,2025-06-01
59163781000188,202506,2025-06-01
59176878000125,202502,2025-02-01
59193684000138,202507,2025-07-01
59194590000183,202507,2025-07-01
59194839000150,202509,2025-09-01
59245392000100,202502,2025-02-01
59246759000100,202502,2025-02-01
59262432000113,202502,2025-02-01
59309776000130,202503,2025-03-01
59312403000119,202502,2025-02-01
59313291000110,202502,2025-02-01
59332047000103,202504,2025-04-01
59349634000105,202503,2025-03-01
59357502000117,202502,2025-02-01
59410619000117,202505,2025-05-01
59412238000177,202502,2025-02-01
59412482000130,202503,2025-03-01
59412583000100,202509,2025-09-01
59412648000118,202503,2025-03-01
59424781000194,202502,2025-02-01
59432100000130,202504,2025-04-01
59452806000163,202503,2025-03-01
59511583000168,202503,2025-03-01
59511685000183,202503,2025-03-01
59511772000130,202503,2025-03-01
59574097000199,202503,2025-03-01
59587336000145,202502,2025-02-01
59591104000160,202502,2025-02-01
59602591000110,202503,2025-03-01
59655459000176,202504,2025-04-01
59655567000149,202504,2025-04-01
59655691000104,202504,2025-04-01
59672854000167,202503,2025-03-01
59714471000104,202503,2025-03-01
59743618000194,202504,2025-04-01
59754353000120,202504,2025-04-01
59755018000146,202507,2025-07-01
59766036000123,202503,2025-03-01
59772310000177,202503,2025-03-01
59785096000193,202503,2025-03-01
59814123000109,202504,2025-04-01
59816551000170,202510,2025-10-01
59817226000122,202505,2025-05-01
59817381000149,202506,2025-06-01
59817462000149,202505,2025-05-01
59817562000175,202505,2025-05-01
59817810000188,202505,2025-05-01
59817983000104,202506,2025-06-01
59818212000123,202506,2025-06-01
59818523000192,202506,2025-06-01
59818611000194,202506,2025-06-01
59818797000181,202506,2025-06-01
59818904000171,202506,2025-06-01
59819194000102,202506,2025-06-01
59826291000114,202503,2025-03-01
59870227000130,202506,2025-06-01
59873582000163,202505,2025-05-01
59878473000139,202503,2025-03-01
59884498000145,202503,2025-03-01
59887628000101,202508,2025-08-01
59888220000146,202504,2025-04-01
59889169000197,202505,2025-05-01
59904332000143,202504,2025-04-01
59907848000141,202503,2025-03-01
59910896000199,202504,2025-04-01
59911193000185,202504,2025-04-01
59941697000148,202505,2025-05-01
59941827000142,202505,2025-05-01
59963244000112,202603,2026-03-01
59995885000159,202505,2025-05-01
59997256000168,202506,2025-06-01
60008150000173,202504,2025-04-01
60029151000102,202507,2025-07-01
60061182000132,202505,2025-05-01
60075657000140,202507,2025-07-01
60096297000162,202505,2025-05-01
60096865000125,202504,2025-04-01
60124635000122,202504,2025-04-01
60127023000193,202504,2025-04-01
60176858000133,202504,2025-04-01
60185164000162,202504,2025-04-01
60222497000114,202504,2025-04-01
60233116000100,202505,2025-05-01
60260680000104,202504,2025-04-01
60261139000110,202504,2025-04-01
60276080000134,202509,2025-09-01
60276261000160,202504,2025-04-01
60291736000198,202505,2025-05-01
60312851000100,202511,2025-11-01
60344823000166,202505,2025-05-01
60355769000154,202504,2025-04-01
60396945000104,202505,2025-05-01
60422070000160,202505,2025-05-01
60442622000100,202506,2025-06-01
60442677000101,202504,2025-04-01
60450312000129,202505,2025-05-01
60450321000110,202504,2025-04-01
60456463000194,202505,2025-05-01
60456656000145,202505,2025-05-01
60477852000104,202507,2025-07-01
60490407000176,202506,2025-06-01
60490963000142,202506,2025-06-01
60500481000126,202506,2025-06-01
60502894000140,202505,2025-05-01
60503108000129,202505,2025-05-01
60510186000150,202505,2025-05-01
60512384000153,202506,2025-06-01
60531375000100,202505,2025-05-01
60532320000114,202511,2025-11-01
60532515000164,202505,2025-05-01
60553394000137,202507,2025-07-01
60589814000135,202505,2025-05-01
60606855000192,202505,2025-05-01
60627132000170,202506,2025-06-01
60627152000140,202507,2025-07-01
60675392000110,202505,2025-05-01
60691906000121,202505,2025-05-01
60696041000196,202506,2025-06-01
60709408000169,202507,2025-07-01
60715404000193,202510,2025-10-01
60740534000186,202506,2025-06-01
60740615000186,202506,2025-06-01
60742631000108,202505,2025-05-01
60742779000142,202506,2025-06-01
60742785000108,202505,2025-05-01
60742819000156,202506,2025-06-01
60775750000167,202505,2025-05-01
60776254000128,202505,2025-05-01
60778434000149,202505,2025-05-01
60784769000170,202505,2025-05-01
60806210000101,202506,2025-06-01
60808027000137,202505,2025-05-01
60810873000191,202506,2025-06-01
60818669000117,202505,2025-05-01
60841575000169,202505,2025-05-01
60852475000138,202505,2025-05-01
60853232000114,202505,2025-05-01
60859716000170,202505,2025-05-01
60865092000102,202505,2025-05-01
60865770000129,202506,2025-06-01
60866355000190,202506,2025-06-01
60866948000156,202506,2025-06-01
60867323000109,202509,2025-09-01
60867433000170,202506,2025-06-01
60868496000141,202511,2025-11-01
60906569000142,202509,2025-09-01
60917687000156,202505,2025-05-01
60920222000154,202507,2025-07-01
60920297000135,202506,2025-06-01
60931618000105,202506,2025-06-01
60936335000148,202506,2025-06-01
60936771000117,202506,2025-06-01
60937559000174,202506,2025-06-01
60938351000170,202507,2025-07-01
60950242000178,202507,2025-07-01
60958418000138,202506,2025-06-01
60965262000112,202505,2025-05-01
60978192000137,202505,2025-05-01
60978472000145,202505,2025-05-01
61051152000108,202506,2025-06-01
61063366000102,202508,2025-08-01
61080007000155,202506,2025-06-01
61108069000128,202506,2025-06-01
61136998000140,202508,2025-08-01
61140383000198,202506,2025-06-01
61140498000182,202506,2025-06-01
61140801000147,202506,2025-06-01
61140970000187,202506,2025-06-01
61141069000120,202507,2025-07-01
61141163000189,202506,2025-06-01
61141201000101,202506,2025-06-01
61141486000172,202506,2025-06-01
61141536000111,202507,2025-07-01
61162047000146,202506,2025-06-01
61182281000135,202506,2025-06-01
61198681000139,202507,2025-07-01
61199023000161,202506,2025-06-01
61199231000160,202507,2025-07-01
61240697000162,202506,2025-06-01
61245368000104,202506,2025-06-01
61268857000181,202506,2025-06-01
61269144000132,202507,2025-07-01
61271154000102,202507,2025-07-01
61272108000128,202506,2025-06-01
61277977000145,202507,2025-07-01
61290059000156,202508,2025-08-01
61324558000117,202507,2025-07-01
61327132000117,202507,2025-07-01
61333263000107,202508,2025-08-01
61347630000121,202506,2025-06-01
61350794000108,202506,2025-06-01
61351211000163,202603,2026-03-01
61390439000162,202508,2025-08-01
61390482000128,202508,2025-08-01
61390937000105,202507,2025-07-01
61391125000184,202507,2025-07-01
61411777000133,202506,2025-06-01
61418417000163,202508,2025-08-01
61444194000109,202507,2025-07-01
61445398000164,202508,2025-08-01
61472550000106,202510,2025-10-01
61520265000105,202510,2025-10-01
61541353000193,202508,2025-08-01
61543295000137,202507,2025-07-01
61543507000186,202508,2025-08-01
61558612000199,202508,2025-08-01
61559509000163,202508,2025-08-01
61560810000197,202509,2025-09-01
61561173000173,202509,2025-09-01
61562029000151,202606,2026-06-01
61562479000144,202510,2025-10-01
61572789000140,202507,2025-07-01
61579871000104,202509,2025-09-01
61583519000134,202507,2025-07-01
61584502000100,202507,2025-07-01
61584731000116,202507,2025-07-01
61584782000148,202507,2025-07-01
61584915000186,202508,2025-08-01
61597359000182,202512,2025-12-01
61622654000141,202507,2025-07-01
61622820000100,202507,2025-07-01
61643116000133,202507,2025-07-01
61643338000156,202509,2025-09-01
61651255000109,202508,2025-08-01
61655249000120,202507,2025-07-01
61660997000109,202507,2025-07-01
61683502000159,202508,2025-08-01
61690166000171,202509,2025-09-01
61690888000126,202508,2025-08-01
61692294000154,202507,2025-07-01
61725196000176,202508,2025-08-01
61761100000125,202507,2025-07-01
61791374000167,202508,2025-08-01
61791538000156,202508,2025-08-01
61794817000173,202508,2025-08-01
61798592000123,202508,2025-08-01
61800269000147,202507,2025-07-01
61800420000147,202507,2025-07-01
61803239000194,202507,2025-07-01
61803360000116,202507,2025-07-01
61809225000188,202602,2026-02-01
61809401000181,202509,2025-09-01
61817868000173,202512,2025-12-01
61817952000197,202511,2025-11-01
61818719000129,202510,2025-10-01
61834984000109,202508,2025-08-01
61835389000180,202508,2025-08-01
61835634000159,202508,2025-08-01
61835843000100,202508,2025-08-01
61836539000170,202509,2025-09-01
61836753000126,202509,2025-09-01
61837406000118,202509,2025-09-01
61837478000165,202509,2025-09-01
61843171000177,202507,2025-07-01
61844252000191,202509,2025-09-01
61844366000131,202509,2025-09-01
61845849000150,202509,2025-09-01
61854664000102,202508,2025-08-01
61866929000192,202510,2025-10-01
61875090000159,202508,2025-08-01
61881131000110,202508,2025-08-01
61884366000165,202603,2026-03-01
61885649000121,202507,2025-07-01
61898585000101,202510,2025-10-01
61908557000110,202510,2025-10-01
61925300000176,202508,2025-08-01
61926290000193,202508,2025-08-01
61944498000135,202508,2025-08-01
61944886000116,202508,2025-08-01
61948797000148,202508,2025-08-01
61952434000186,202509,2025-09-01
61953079000160,202508,2025-08-01
61954776000135,202509,2025-09-01
61959244000190,202508,2025-08-01
61959407000135,202508,2025-08-01
61971270000134,202508,2025-08-01
61972391000109,202510,2025-10-01
61972672000153,202508,2025-08-01
61973575000185,202508,2025-08-01
61989479000125,202508,2025-08-01
62003655000170,202510,2025-10-01
62007683000166,202508,2025-08-01
62021805000179,202509,2025-09-01
62031312000110,202508,2025-08-01
62049166000150,202510,2025-10-01
62064607000192,202603,2026-03-01
62065173000145,202510,2025-10-01
62074561000192,202509,2025-09-01
62078917000166,202509,2025-09-01
62083874000107,202509,2025-09-01
62091844000142,202509,2025-09-01
62092022000186,202510,2025-10-01
62103583000133,202509,2025-09-01
62120583000141,202509,2025-09-01
62125370000102,202508,2025-08-01
62136382000132,202601,2026-01-01
62140128000108,202509,2025-09-01
62144203000109,202509,2025-09-01
62145244000110,202511,2025-11-01
62155864000130,202606,2026-06-01
62159099000126,202511,2025-11-01
62171470000175,202508,2025-08-01
62172231000130,202601,2026-01-01
62172396000101,202508,2025-08-01
62198665000109,202509,2025-09-01
62199705000137,202508,2025-08-01
62203847000120,202509,2025-09-01
62214375000101,202508,2025-08-01
62214641000104,202509,2025-09-01
62231879000130,202509,2025-09-01
62232457000189,202604,2026-04-01
62232489000184,202509,2025-09-01
62233496000109,202602,2026-02-01
62233915000102,202510,2025-10-01
62234191000103,202511,2025-11-01
62234770000156,202602,2026-02-01
62234941000147,202511,2025-11-01
62235923000180,202601,2026-01-01
62240763000167,202512,2025-12-01
62250286000110,202511,2025-11-01
62253446000185,202510,2025-10-01
62267044000130,202508,2025-08-01
62270059000157,202512,2025-12-01
62283336000166,202509,2025-09-01
62300839000100,202509,2025-09-01
62317528000146,202510,2025-10-01
62317574000145,202603,2026-03-01
62317858000131,202604,2026-04-01
62318156000172,202510,2025-10-01
62318422000167,202512,2025-12-01
62318643000135,202603,2026-03-01
62319210000102,202510,2025-10-01
62319608000130,202510,2025-10-01
62323295000194,202509,2025-09-01
62324905000174,202512,2025-12-01
62333997000159,202511,2025-11-01
62340543000105,202510,2025-10-01
62351636000135,202510,2025-10-01
62354876000193,202508,2025-08-01
62355956000163,202509,2025-09-01
62356314000189,202509,2025-09-01
62358710000145,202509,2025-09-01
62360992000115,202512,2025-12-01
62361327000146,202509,2025-09-01
62361404000168,202509,2025-09-01
62361467000114,202509,2025-09-01
62361545000180,202603,2026-03-01
62361637000160,202509,2025-09-01
62361815000153,202510,2025-10-01
62363645000146,202512,2025-12-01
62363801000179,202603,2026-03-01
62379427000108,202509,2025-09-01
62380424000186,202509,2025-09-01
62381358000169,202509,2025-09-01
62392905000101,202509,2025-09-01
62406671000104,202604,2026-04-01
62406976000116,202510,2025-10-01
62407174000120,202512,2025-12-01
62408523000129,202601,2026-01-01
62408759000165,202601,2026-01-01
62408982000102,202512,2025-12-01
62409302000175,202511,2025-11-01
62409522000107,202512,2025-12-01
62411943000164,202510,2025-10-01
62414689000158,202510,2025-10-01
62423102000177,202512,2025-12-01
62428355000133,202511,2025-11-01
62438200000188,202508,2025-08-01
62461101000117,202512,2025-12-01
62467068000132,202601,2026-01-01
62467472000106,202512,2025-12-01
62467970000159,202512,2025-12-01
62468143000180,202511,2025-11-01
62471228000117,202509,2025-09-01
62473606000100,202510,2025-10-01
62473925000107,202512,2025-12-01
62474207000155,202605,2026-05-01
62489908000168,202509,2025-09-01
62491272000199,202601,2026-01-01
62499127000154,202510,2025-10-01
62520921000132,202509,2025-09-01
62551626000143,202509,2025-09-01
62565902000122,202510,2025-10-01
62571141000111,202510,2025-10-01
62571624000116,202511,2025-11-01
62572931000111,202511,2025-11-01
62588992000177,202511,2025-11-01
62603317000170,202509,2025-09-01
62623910000188,202512,2025-12-01
62624041000106,202605,2026-05-01
62624330000105,202511,2025-11-01
62625430000156,202511,2025-11-01
62625643000188,202602,2026-02-01
62644763000122,202509,2025-09-01
62662727000191,202509,2025-09-01
62670474000106,202511,2025-11-01
62672551000159,202512,2025-12-01
62672889000100,202511,2025-11-01
62673056000164,202510,2025-10-01
62697173000168,202509,2025-09-01
62700486000128,202510,2025-10-01
62726496000132,202510,2025-10-01
62726818000143,202510,2025-10-01
62727602000100,202510,2025-10-01
62727978000107,202510,2025-10-01
62728127000189,202510,2025-10-01
62729351000195,202510,2025-10-01
62729474000126,202510,2025-10-01
62736500000143,202509,2025-09-01
62751026000129,202510,2025-10-01
62751113000186,202509,2025-09-01
62769923000160,202510,2025-10-01
62771190000106,202510,2025-10-01
62772990000133,202509,2025-09-01
62781419000185,202510,2025-10-01
62781472000186,202511,2025-11-01
62789682000110,202601,2026-01-01
62790193000189,202510,2025-10-01
62805867000171,202510,2025-10-01
62805928000109,202511,2025-11-01
62806106000134,202511,2025-11-01
62806621000114,202510,2025-10-01
62808255000132,202510,2025-10-01
62831874000148,202512,2025-12-01
62834589000180,202510,2025-10-01
62847489000199,202510,2025-10-01
62849361000164,202510,2025-10-01
62849941000151,202510,2025-10-01
62849964000166,202511,2025-11-01
62852342000197,202511,2025-11-01
62852498000178,202511,2025-11-01
62856283000125,202510,2025-10-01
62869550000107,202509,2025-09-01
62870208000119,202604,2026-04-01
62876542000180,202601,2026-01-01
62876658000119,202512,2025-12-01
62899553000185,202511,2025-11-01
62910859000195,202510,2025-10-01
62911331000130,202510,2025-10-01
62920933000154,202511,2025-11-01
62935493000109,202510,2025-10-01
62939100000135,202510,2025-10-01
62960671000151,202510,2025-10-01
62963313000100,202602,2026-02-01
62967494000135,202601,2026-01-01
62970039000199,202602,2026-02-01
62970324000100,202606,2026-06-01
62970471000180,202511,2025-11-01
62983270000117,202512,2025-12-01
62986314000162,202511,2025-11-01
62986829000162,202511,2025-11-01
62991350000114,202601,2026-01-01
63005030000100,202512,2025-12-01
63005076000120,202510,2025-10-01
63022242000104,202601,2026-01-01
63022260000188,202510,2025-10-01
63023377000186,202511,2025-11-01
63023396000102,202512,2025-12-01
63023574000103,202512,2025-12-01
63023753000132,202510,2025-10-01
63024507000103,202512,2025-12-01
63025366000135,202512,2025-12-01
63025606000100,202512,2025-12-01
63031387000163,202510,2025-10-01
63032258000190,202510,2025-10-01
63048098000177,202510,2025-10-01
63051354000185,202510,2025-10-01
63051648000107,202510,2025-10-01
63052049000108,202601,2026-01-01
63053090000107,202510,2025-10-01
63064415000149,202510,2025-10-01
63073919000125,202601,2026-01-01
63079026000197,202510,2025-10-01
63079371000120,202510,2025-10-01
63093259000144,202604,2026-04-01
63105295000180,202601,2026-01-01
63105532000103,202601,2026-01-01
63110995000163,202511,2025-11-01
63112599000175,202510,2025-10-01
63124967000103,202511,2025-11-01
63125524000129,202510,2025-10-01
63138982000100,202510,2025-10-01
63139150000109,202601,2026-01-01
63140516000151,202511,2025-11-01
63159694000124,202511,2025-11-01
63159704000121,202511,2025-11-01
63159716000156,202512,2025-12-01
63174249000133,202512,2025-12-01
63174305000130,202511,2025-11-01
63174394000114,202511,2025-11-01
63189410000142,202511,2025-11-01
63189574000170,202511,2025-11-01
63189681000106,202511,2025-11-01
63190006000199,202512,2025-12-01
63190103000181,202512,2025-12-01
63190269000106,202512,2025-12-01
63190767000140,202601,2026-01-01
63211828000109,202511,2025-11-01
63230112000159,202511,2025-11-01
63248651000115,202601,2026-01-01
63278825000192,202511,2025-11-01
63284019000127,202510,2025-10-01
63285255000168,202512,2025-12-01
63285329000166,202512,2025-12-01
63286762000116,202510,2025-10-01
63319624000196,202510,2025-10-01
63338774000147,202510,2025-10-01
63351459000150,202510,2025-10-01
63358655000156,202512,2025-12-01
63359113000106,202511,2025-11-01
63359425000101,202511,2025-11-01
63377319000150,202601,2026-01-01
63380552000192,202511,2025-11-01
63383872000104,202601,2026-01-01
63383901000120,202511,2025-11-01
63385783000199,202511,2025-11-01
63386988000199,202512,2025-12-01
63404930000120,202511,2025-11-01
63405106000195,202511,2025-11-01
63405360000193,202512,2025-12-01
63405574000160,202511,2025-11-01
63405764000187,202604,2026-04-01
63405863000169,202512,2025-12-01
63406337000113,202512,2025-12-01
63406682000157,202511,2025-11-01
63437368000131,202511,2025-11-01
63441123000188,202511,2025-11-01
63442435000106,202511,2025-11-01
63445061000182,202511,2025-11-01
63460253000168,202512,2025-12-01
63463242000131,202511,2025-11-01
63464504000182,202511,2025-11-01
63513518000149,202511,2025-11-01
63530215000134,202603,2026-03-01
63532720000118,202602,2026-02-01
63533177000173,202603,2026-03-01
63534145000192,202603,2026-03-01
63548472000101,202601,2026-01-01
63556163000175,202601,2026-01-01
63566142000130,202512,2025-12-01
63572496000198,202512,2025-12-01
63608767000118,202601,2026-01-01
63610895000104,202512,2025-12-01
63611704000110,202511,2025-11-01
63637997000105,202511,2025-11-01
63704841000108,202512,2025-12-01
63706652000166,202511,2025-11-01
63727006000185,202602,2026-02-01
63727062000110,202601,2026-01-01
63729525000182,202512,2025-12-01
63740555000190,202602,2026-02-01
63740800000169,202512,2025-12-01
63741446000197,202512,2025-12-01
63743483000134,202601,2026-01-01
63760296000169,202512,2025-12-01
63761168000130,202603,2026-03-01
63761174000197,202604,2026-04-01
63780238000105,202512,2025-12-01
63784778000159,202512,2025-12-01
63788524000109,202512,2025-12-01
63789552000140,202512,2025-12-01
63806809000125,202512,2025-12-01
63826355000154,202512,2025-12-01
63829969000190,202511,2025-11-01
63848566000198,202512,2025-12-01
63858779000109,202512,2025-12-01
63859087000177,202601,2026-01-01
63867916000163,202601,2026-01-01
63875387000140,202601,2026-01-01
63880974000127,202602,2026-02-01
63882570000172,202512,2025-12-01
63893287000146,202601,2026-01-01
63898109000108,202512,2025-12-01
63900490000100,202512,2025-12-01
63900709000163,202601,2026-01-01
63901833000143,202512,2025-12-01
63912056000132,202512,2025-12-01
63914463000189,202604,2026-04-01
63917614000152,202512,2025-12-01
63918203000181,202601,2026-01-01
63920768000101,202601,2026-01-01
63924803000152,202512,2025-12-01
63933503000130,202601,2026-01-01
63939280000118,202512,2025-12-01
63942021000146,202601,2026-01-01
63950469000101,202602,2026-02-01
63953464000132,202512,2025-12-01
63953556000112,202603,2026-03-01
63988597000144,202601,2026-01-01
63989000000186,202606,2026-06-01
64003281000119,202601,2026-01-01
64008119000193,202512,2025-12-01
64025077000107,202512,2025-12-01
64059160000199,202601,2026-01-01
64071100000191,202601,2026-01-01
64073126000179,202601,2026-01-01
64089192000137,202601,2026-01-01
64091639000102,202601,2026-01-01
64094799000105,202602,2026-02-01
64102991000104,202602,2026-02-01
64106556000140,202512,2025-12-01
64113390000199,202602,2026-02-01
64138938000155,202601,2026-01-01
64142774000130,202601,2026-01-01
64185185000139,202601,2026-01-01
64192422000199,202601,2026-01-01
64203998000104,202601,2026-01-01
64310078000195,202601,2026-01-01
64366238000118,202602,2026-02-01
64429184000192,202601,2026-01-01
64435884000190,202602,2026-02-01
64436536000137,202603,2026-03-01
64436974000103,202603,2026-03-01
64440839000123,202605,2026-05-01
64487678000123,202603,2026-03-01
64502555000114,202601,2026-01-01
64507265000163,202602,2026-02-01
64511682000180,202601,2026-01-01
64540699000165,202606,2026-06-01
64582055000130,202602,2026-02-01
64582548000170,202604,2026-04-01
64593756000174,202603,2026-03-01
64597707000100,202602,2026-02-01
64626717000126,202602,2026-02-01
64651483000177,202603,2026-03-01
64678185000170,202602,2026-02-01
64680282000106,202603,2026-03-01
64713709000117,202602,2026-02-01
64717139000133,202602,2026-02-01
64723744000117,202603,2026-03-01
64739277000113,202602,2026-02-01
64776777000125,202603,2026-03-01
64820042000151,202602,2026-02-01
64868773000177,202604,2026-04-01
64958783000101,202602,2026-02-01
64985472000123,202603,2026-03-01
64986160000134,202606,2026-06-01
65028745000104,202602,2026-02-01
65041084000157,202602,2026-02-01
65079801000130,202603,2026-03-01
65096801000148,202603,2026-03-01
65131307000177,202604,2026-04-01
65180245000193,202603,2026-03-01
65189035000166,202603,2026-03-01
65197885000106,202603,2026-03-01
65255255000140,202602,2026-02-01
65344961000169,202604,2026-04-01
65448597000187,202605,2026-05-01
65529915000134,202604,2026-04-01
65589171000143,202605,2026-05-01
65612787000198,202603,2026-03-01
65680121000177,202604,2026-04-01
65680395000166,202604,2026-04-01
65818203000135,202603,2026-03-01
65835445000137,202605,2026-05-01
65835458000106,202605,2026-05-01
65835898000163,202606,2026-06-01
65838693000131,202606,2026-06-01
65842530000122,202604,2026-04-01
65847230000136,202604,2026-04-01
65888766000108,202604,2026-04-01
65927318000168,202605,2026-05-01
65927708000138,202605,2026-05-01
66125397000156,202604,2026-04-01
66148281000132,202605,2026-05-01
66148609000110,202605,2026-05-01
66148652000186,202605,2026-05-01
66198273000109,202604,2026-04-01
66275639000198,202606,2026-06-01
66298117000101,202605,2026-05-01
66302938000174,202606,2026-06-01
66404420000141,202604,2026-04-01
66572564000107,202605,2026-05-01
66572852000161,202606,2026-06-01
66573837000138,202605,2026-05-01
66608223000144,202606,2026-06-01
66632272000112,202605,2026-05-01
66633063000193,202606,2026-06-01
66659340000137,202605,2026-05-01
66831505000106,202606,2026-06-01
67280664000122,202606,2026-06-01
67288854000196,202606,2026-06-01
67318392000102,202606,2026-06-01
97525452000129,202301,2023-01-01
