Ativo,Indexador,DurationAnos,RefSpread,DiasMercado,DiasRelevante,VolMercado90d,VolMercadoMedioDia,SpreadMediano,SpreadRecente,DataRecente
BCPSA7,IPCA_SPREAD,6.45,B35,30,40,896139752,29871325,-30,-37,2026-07-17
EGIEA6,IPCA_SPREAD,7.71,B37,24,36,583200832,24300035,-32,-32,2026-07-23
SUZBB1,DI_SPREAD,4.54,CDI,16,34,487396404,30462275,0.6210,0.4918,2026-07-13
AESLC2,IPCA_SPREAD,5.30,B33,12,20,475496622,39624719,-33,-27,2026-07-22
CEEBD2,IPCA_SPREAD,6.93,B35,37,41,466349155,12604031,0,-8,2026-07-06
CGOSA2,IPCA_SPREAD,7.25,B37,22,30,463574977,21071590,24,19,2026-07-22
ENMTF8,IPCA_SPREAD,6.88,B35,23,27,461166332,20050710,15,16,2026-07-23
CNLM17,DI_SPREAD,4.08,CDI,10,19,420099333,42009933,0.8004,0.7792,2026-07-27
SBSPM8,DI_SPREAD,4.81,CDI,11,24,417363712,37942156,0.7183,0.6480,2026-07-14
RDORF8,DI_SPREAD,4.82,CDI,9,22,376736674,41859630,1.1185,1.1163,2026-07-27
OMGE17,DI_SPREAD,3.26,CDI,9,21,365666325,40629592,1.4600,1.3099,2026-06-22
VBBRA0,IPCA_SPREAD,5.74,B33,22,29,365658023,16620819,8,14,2026-07-27
AXIA18,IPCA_SPREAD,5.21,B32,33,40,362532042,10985819,-36,-51,2026-07-27
MGPRA0,IPCA_SPREAD,7.73,,43,51,353268338,8215543,,,
ROTY13,IPCA_SPREAD,3.92,B31,10,17,343088953,34308895,-46,-31,2026-07-23
COMT11,IPCA_SPREAD,3.78,B30,14,21,334398795,23885628,-38,-33,2026-07-23
OVSAB1,DI_SPREAD,3.55,CDI,3,5,321395882,107131961,2.3500,2.3501,2026-06-18
SBSPJ8,IPCA_SPREAD,7.96,B37,28,38,317253534,11330483,-39,-84,2026-07-10
HAPV19,DI_SPREAD,3.69,CDI,14,19,311091362,22220812,8.2764,7.3039,2026-07-27
IPIPA6,DI_SPREAD,2.96,CDI,2,6,307390569,153695285,0.5576,0.5412,2026-05-26
CSMGE2,IPCA_SPREAD,4.65,B32,6,12,300332727,50055455,115,100,2026-06-08
TRGP13,IPCA_SPREAD,7.79,,24,32,300319536,12513314,,,
ENEVA4,IPCA_SPREAD,7.02,B35,23,32,298806741,12991597,-9,-4,2026-07-21
EQPAA1,IPCA_SPREAD,7.25,B37,15,23,296690313,19779354,24,21,2026-07-08
HAPVA0,DI_SPREAD,3.90,CDI,14,21,282964302,20211736,7.4089,7.1993,2026-07-17
DESK19,IPCA_SPREAD,4.50,B31,13,27,263239887,20249222,-22,-28,2026-07-22
NTSD36,DI_SPREAD,4.05,CDI,16,32,244097927,15256120,1.0669,0.9682,2026-07-01
SBSPI8,IPCA_SPREAD,7.00,B35,23,39,234846141,10210702,-29,-44,2026-07-07
VIALA5,IPCA_SPREAD,3.69,B30,10,23,230895949,23089595,-24,-40,2026-06-22
ISAEC0,IPCA_SPREAD,8.85,B40,19,22,222656645,11718771,7,-73,2026-07-03
ERDVA6,DI_SPREAD,3.07,CDI,22,35,221918127,10087188,0.9375,0.8405,2026-07-17
CGOS19,DI_SPREAD,3.75,CDI,7,17,221418121,31631160,0.8457,0.7300,2026-05-21
CMGDA4,IPCA_SPREAD,7.26,B37,24,37,212029013,8834542,7,-31,2026-07-07
SBIOA4,DI_SPREAD,3.06,CDI,7,10,208850411,29835773,0.9651,0.6800,2026-06-16
TUPY25,DI_SPREAD,3.30,CDI,7,8,207296439,29613777,4.9500,4.5000,2026-07-16
ENERB7,IPCA_SPREAD,6.62,B35,7,12,199820054,28545722,14,14,2026-07-21
COLNA3,DI_SPREAD,3.17,CDI,14,21,196089360,14006383,0.9277,0.8442,2026-06-24
AESLD2,IPCA_SPREAD,6.48,B35,7,8,195458832,27922690,-12,-12,2026-06-19
IVIAA0,IPCA_SPREAD,5.67,B33,23,29,193608199,8417748,107,108,2026-07-16
CEEBD1,PREFIXADO,4.44,,30,42,183840062,6128002,,,
CESE32,IPCA_SPREAD,3.14,B30,24,36,179270840,7469618,-25,-27,2026-07-27
SRBS11,IPCA_SPREAD,8.17,,7,21,173039125,24719875,,,
MRSAB3,IPCA_SPREAD,8.63,B40,30,35,170983230,5699441,2,-12,2026-07-22
RNDNA2,DI_SPREAD,2.88,CDI,3,5,168515325,56171775,2.1515,2.1515,2026-07-22
SAPRB4,DI_SPREAD,2.80,CDI,3,10,167923047,55974349,0.6501,0.6500,2026-05-20
CTNSA5,IPCA_SPREAD,6.88,B35,7,10,166117507,23731072,29,3,2026-06-12
SUZBA2,,10.32,,1,2,165627707,165627707,,,
PALFA7,IPCA_SPREAD,6.13,B35,4,7,164027822,41006956,1,1,2026-05-18
IRJS15,IPCA_SPREAD,6.61,B35,21,26,163899734,7804749,277,294,2026-07-03
CPGTC0,IPCA_SPREAD,6.10,B33,7,20,160857310,22979616,-25,-43,2026-06-17
ITSA18,DI_SPREAD,4.39,CDI,4,12,157658108,39414527,0.4985,0.4908,2026-06-23
PFOR16,DI_SPREAD,2.77,CDI,20,30,155080644,7754032,1.3728,1.3600,2026-07-27
OMGE15,DI_SPREAD,2.38,,2,5,152269454,76134727,,,
ISAED1,DI_SPREAD,4.84,CDI,13,32,151747454,11672881,0.7136,0.6520,2026-06-22
UQFN15,DI_SPREAD,2.95,CDI,8,17,150252902,18781613,2.2355,2.1500,2026-07-07
ENGIC4,DI_SPREAD,3.79,CDI,20,40,149877403,7493870,0.7351,0.7100,2026-07-16
RENTF2,DI_SPREAD,3.92,CDI,2,3,149268580,74634290,1.3401,1.3401,2026-04-30
CPGTA1,IPCA_SPREAD,6.82,B35,12,19,146206376,12183865,9,-35,2026-06-18
SBSPD7,DI_SPREAD,3.96,CDI,11,36,145414552,13219505,0.7409,0.6060,2026-07-09
ANHBB6,IPCA_SPREAD,6.67,B35,12,20,142268193,11855683,-24,-28,2026-07-07
EXSE11,,3.71,,9,20,142263881,15807098,,,
VBBR18,DI_SPREAD,3.34,CDI,11,33,136730085,12430008,0.8105,0.8002,2026-07-03
HAPV18,DI_SPREAD,3.44,CDI,4,7,135839642,33959911,8.0051,7.4000,2026-06-16
CGASA5,DI_SPREAD,2.16,CDI,6,23,134950961,22491827,0.7555,0.6789,2026-06-12
BTGH18,DI_SPREAD,2.00,CDI,20,28,134673650,6733683,1.2422,1.1001,2026-07-27
CERT11,IPCA_SPREAD,2.62,B29,36,49,133819978,3717222,17,35,2026-07-13
EQPA19,IPCA_SPREAD,6.83,B35,27,33,133284166,4936451,1,-55,2026-07-21
CSMGD2,DI_SPREAD,3.94,CDI,6,14,132777359,22129560,0.7508,0.7500,2026-07-23
LORTB2,DI_SPREAD,2.01,CDI,6,24,129918269,21653045,1.3514,1.3078,2026-07-09
TBSP12,DI_SPREAD,2.77,CDI,4,21,129185262,32296316,0.4797,0.4600,2026-06-23
MRSAA4,IPCA_SPREAD,10.25,B40,6,12,127617073,21269512,1,-12,2026-06-23
EUFA17,DI_SPREAD,2.73,CDI,8,32,127356643,15919580,1.2401,1.2519,2026-07-06
HARG11,IPCA_SPREAD,5.00,B32,17,18,126512738,7441926,53,69,2026-07-15
ERDVB4,IPCA_SPREAD,5.42,B33,8,10,125500406,15687551,47,57,2026-07-23
AEGE16,DI_SPREAD,3.30,CDI,13,18,124423646,9571050,6.0000,6.0000,2026-07-07
HAPV15,DI_SPREAD,2.71,CDI,6,9,122635602,20439267,8.5999,4.9992,2026-05-12
UNEG11,IPCA_SPREAD,6.65,B35,12,12,122290630,10190886,76,72,2026-07-06
ELET24,DI_SPREAD,1.42,CDI,21,36,121818439,5800878,0.9305,0.9597,2026-07-24
AURP12,IPCA_SPREAD,5.83,B33,20,26,120822662,6041133,4,-18,2026-07-14
AEGPB5,DI_SPREAD,3.22,CDI,10,19,118875905,11887591,5.0001,3.4000,2026-07-07
CPLDA1,IPCA_SPREAD,6.82,B35,19,28,118860585,6255820,2,-24,2026-07-10
CSANB2,DI_SPREAD,2.54,CDI,5,8,118033710,23606742,1.8984,1.6246,2026-07-03
CMGTA1,IPCA_SPREAD,7.27,B37,10,17,117173936,11717394,-18,-22,2026-07-06
VLIM14,IPCA_SPREAD,2.79,B29,7,7,116510350,16644336,-17,-22,2026-06-01
NTSDA1,IPCA_SPREAD,8.86,B40,8,13,115415306,14426913,-10,-27,2026-07-27
CESPA4,DI_SPREAD,3.76,CDI,7,16,113944458,16277780,0.8605,0.8007,2026-06-12
VLIM19,IPCA_SPREAD,7.47,B37,8,11,113571059,14196382,19,-29,2026-07-03
BRMLB1,DI_SPREAD,4.31,CDI,9,22,111921539,12435727,0.6850,0.6005,2026-06-26
GGBRA9,DI_SPREAD,4.03,CDI,4,11,111743505,27935876,0.5050,0.4800,2026-06-11
CPIS16,IPCA_SPREAD,7.25,B37,6,8,111457491,18576249,33,40,2026-06-03
SIMH16,DI_SPREAD,2.65,CDI,20,21,111405099,5570255,4.0608,4.0046,2026-07-27
ECOC13,,2.75,,1,6,106609453,106609453,,,
NTSD18,DI_SPREAD,3.25,CDI,8,21,104864543,13108068,0.6907,0.6707,2026-06-29
ENEVD0,DI_SPREAD,3.12,CDI,4,14,104535838,26133960,0.7816,0.7550,2026-05-13
HAPV17,DI_SPREAD,2.76,CDI,10,15,104442443,10444244,9.9801,4.9985,2026-05-12
CMGDB0,IPCA_SPREAD,5.25,B33,12,13,103982637,8665220,-10,-29,2026-07-15
ULFT14,IPCA_SPREAD,6.23,B35,8,14,103852011,12981501,4,-15,2026-07-03
VBRR11,IPCA_SPREAD,2.52,B29,2,4,103842902,51921451,241,265,2026-06-16
RDORF1,DI_SPREAD,4.21,CDI,2,5,103302719,51651360,1.1847,1.0493,2026-05-20
ISAEB2,IPCA_SPREAD,9.22,B40,4,4,103127214,25781804,-8,-7,2026-06-09
BHSA11,IPCA_SPREAD,7.17,B35,9,15,102790818,11421202,23,21,2026-06-30
VALEC1,IPCA_SPREAD,6.64,B35,29,30,102377367,3530254,-68,-85,2026-07-17
RENTE3,DI_SPREAD,3.07,CDI,3,12,100930282,33643427,1.3039,1.2790,2026-05-08
CLTM14,IPCA_SPREAD,5.65,B33,11,18,100898974,9172634,86,79,2026-07-07
MRSAA3,IPCA_SPREAD,4.92,B32,9,13,100770761,11196751,-29,-49,2026-07-24
CMGDB1,IPCA_SPREAD,6.98,B35,15,17,97660174,6510678,12,-35,2026-06-25
BSA318,DI_SPREAD,1.60,CDI,4,13,97020546,24255137,0.3713,0.3594,2026-05-20
RISP12,IPCA_SPREAD,4.06,B31,13,13,95919122,7378394,458,334,2026-07-07
ALGE16,IPCA_SPREAD,5.33,B33,3,4,95733964,31911321,-50,-21,2026-04-08
TFLEA9,DI_SPREAD,3.59,CDI,10,21,95073995,9507400,1.3695,1.1589,2026-06-24
MOTVB9,IPCA_SPREAD,7.30,B37,5,9,93128466,18625693,-12,-26,2026-07-07
CHSF13,IPCA_SPREAD,4.17,B31,35,37,90396461,2582756,-41,-52,2026-07-16
CNRD12,IPCA_SPREAD,6.98,B35,7,13,90227701,12889672,91,91,2026-06-16
ALUP18,IPCA_SPREAD,5.70,B33,14,16,89896642,6421189,-47,-71,2026-07-13
CEPEA7,IPCA_SPREAD,9.00,B40,7,11,86793550,12399079,11,20,2026-06-25
CMGDB4,IPCA_SPREAD,8.61,B40,10,13,85718134,8571813,15,0,2026-06-16
ENGIB0,IPCA_SPREAD,4.05,B31,6,11,85442735,14240456,-29,-51,2026-07-06
VLIM17,IPCA_SPREAD,5.98,B33,3,11,84865759,28288586,-3,-29,2026-07-09
STRZ11,IPCA_SPREAD,5.25,B33,2,3,84353548,42176774,-8,-8,2026-06-23
CGEE13,IPCA_SPREAD,5.49,B33,2,3,84103829,42051915,570,574,2026-07-06
PASS14,DI_SPREAD,2.99,CDI,7,16,83589331,11941333,0.8492,0.7389,2026-07-17
ENSEA5,IPCA_SPREAD,6.88,B35,3,4,83353060,27784353,27,5,2026-05-28
TENG14,,0.20,,1,1,81594224,81594224,,,
RENTE4,DI_SPREAD,3.39,CDI,5,10,81265964,16253193,1.4515,1.4450,2026-04-28
EKTRA4,DI_SPREAD,3.70,CDI,1,2,78931765,78931765,0.7308,0.7308,2026-05-06
RPTA14,IPCA_SPREAD,5.04,B32,13,28,78071905,6005531,54,48,2026-07-09
MGLUA0,DI_SPREAD,0.23,CDI,2,5,78058670,39029335,2.1642,2.0358,2026-05-06
CSRNB4,,4.69,,2,4,77688272,38844136,,,
VLIM29,IPCA_SPREAD,10.32,B40,4,8,77539010,19384753,12,-9,2026-06-11
FISI15,DI_SPREAD,2.45,CDI,4,6,77220979,19305245,1.3712,1.3524,2026-05-27
EKTRA8,IPCA_SPREAD,3.98,B31,6,20,76778969,12796495,-28,-10,2026-07-27
ESCEB6,DI_SPREAD,3.81,CDI,1,2,75026931,75026931,0.7308,0.7308,2026-04-16
SAELA7,IPCA_SPREAD,6.66,B35,4,5,74841009,18710252,17,3,2026-07-21
BRKPA4,DI_SPREAD,3.07,CDI,6,12,73826942,12304490,2.8770,2.7700,2026-07-09
CEEDA1,DI_SPREAD,3.88,CDI,4,17,73157849,18289462,0.8086,0.8122,2026-07-14
ECRD14,IPCA_SPREAD,8.55,,7,15,72641983,10377426,,,
CEEBB6,IPCA_SPREAD,3.12,B30,5,9,70814431,14162886,-15,-12,2026-06-01
RDORE4,DI_SPREAD,4.65,CDI,22,28,69391063,3154139,1.2483,1.1202,2026-07-07
CSNAA2,DI_SPREAD,0.82,CDI,15,19,67680530,4512035,15.1400,16.7000,2026-07-22
CVRDA6,IGP-M,51.56,,10,13,66932956,6693296,,,
BCPSA5,IPCA_SPREAD,2.41,B29,5,27,66397819,13279564,-65,-63,2026-07-14
VIXL19,DI_SPREAD,3.10,CDI,2,3,65943837,32971919,1.3108,1.3508,2026-07-03
AALM12,DI_SPREAD,2.15,CDI,4,23,65678228,16419557,0.7358,0.7052,2026-06-15
RADLA0,DI_SPREAD,3.66,CDI,3,3,65070808,21690269,0.4493,0.4492,2026-07-16
ISAEB0,IPCA_SPREAD,7.80,B37,6,8,64492385,10748731,0,-4,2026-05-19
MRSAA2,IPCA_SPREAD,6.21,B35,2,12,64207941,32103971,6,8,2026-05-27
JSMLA5,DI_SPREAD,2.67,CDI,18,21,63688640,3538258,4.5157,4.2564,2026-07-24
RBRA43,,3.35,,3,4,63680818,21226939,,,
CGOSB0,IPCA_SPREAD,6.70,B35,12,15,63368077,5280673,18,8,2026-07-16
SAELB8,IPCA_SPREAD,6.88,B35,3,4,61987233,20662411,23,23,2026-06-08
SBSPK8,IPCA_SPREAD,8.84,B40,9,15,59750864,6638985,-16,-23,2026-06-18
RENTD0,DI_SPREAD,2.98,CDI,3,6,59460981,19820327,1.1801,1.1000,2026-05-28
CEROA3,PREFIXADO,4.08,,4,9,59203698,14800925,,,
ISAEA9,IPCA_SPREAD,8.83,B40,13,18,58965379,4535798,-8,-3,2026-06-26
NTSDA2,DI_SPREAD,3.04,CDI,3,13,58815303,19605101,0.7008,0.7008,2026-05-26
CSANB0,DI_SPREAD,4.37,CDI,7,14,58672347,8381764,2.6001,1.7688,2026-06-24
VLIM18,IPCA_SPREAD,6.23,B35,5,8,58532774,11706555,-14,-20,2026-03-30
EKTRA3,DI_SPREAD,3.13,CDI,2,2,57798379,28899190,0.6958,0.6608,2026-05-19
EQPA18,IPCA_SPREAD,6.47,B35,11,12,57494627,5226784,16,16,2026-06-23
ENGIB4,IPCA_SPREAD,2.94,B29,3,3,57063124,19021041,-31,-36,2026-07-15
CEEDA0,DI_SPREAD,3.58,CDI,16,31,56740727,3546295,0.8280,0.7600,2026-07-23
CSANB1,DI_SPREAD,2.78,CDI,1,1,56077526,56077526,1.8000,1.8000,2026-06-29
CEPEB8,,4.73,,2,3,55950827,27975414,,,
RDORD3,DI_SPREAD,4.60,CDI,11,20,55830555,5075505,1.1494,1.1007,2026-07-27
PFOR26,DI_SPREAD,3.82,CDI,8,17,55804887,6975611,1.5383,1.4958,2026-06-24
ARTRA7,IPCA_SPREAD,5.74,B33,3,5,55577957,18525986,235,194,2026-07-06
RMSA12,IPCA_SPREAD,7.00,B35,10,13,54769551,5476955,207,222,2026-07-17
GASC28,IPCA_SPREAD,8.02,B37,10,12,54180313,5418031,37,32,2026-07-17
ENERC7,IPCA_SPREAD,8.39,B40,2,5,54097945,27048973,38,45,2026-06-26
SUZBA0,IPCA_SPREAD,7.84,B37,15,15,53943776,3596252,-44,-57,2026-07-22
CEEBB8,DI_SPREAD,3.27,CDI,2,4,53754023,26877012,0.8550,0.7300,2026-05-11
IRJS14,IPCA_SPREAD,6.81,B35,13,15,53491635,4114741,267,271,2026-06-25
CSMGD1,DI_SPREAD,3.81,CDI,1,4,53042737,53042737,0.9008,0.9008,2026-04-28
VLIM15,IPCA_SPREAD,4.06,B31,7,10,52816001,7545143,-41,-49,2026-07-02
CGOS16,IPCA_SPREAD,6.30,B35,5,7,52725356,10545071,37,22,2026-06-19
ECOV17,DI_SPREAD,3.23,CDI,3,10,52535462,17511821,0.8570,0.7484,2026-05-18
ENGIC0,IPCA_SPREAD,7.99,B37,9,11,52284944,5809438,13,13,2026-07-14
IGTAA3,DI_SPREAD,2.81,CDI,1,3,51988513,51988513,0.4607,0.4607,2026-07-02
RDORC9,DI_SPREAD,2.92,CDI,8,19,51975133,6496892,1.0106,0.9700,2026-06-15
TBSP22,DI_SPREAD,3.85,CDI,7,21,51884225,7412032,0.5697,0.5494,2026-06-03
GASC19,IPCA_SPREAD,8.56,B40,3,9,51588887,17196296,87,57,2026-06-11
ALGAA2,DI_SPREAD,1.75,CDI,3,10,51500469,17166823,1.0701,1.1200,2026-07-03
ENEVC0,DI_SPREAD,2.23,CDI,6,19,50991655,8498609,0.6516,0.6145,2026-07-17
MRSAC1,IPCA_SPREAD,7.74,B37,4,4,50737617,12684404,-11,-26,2026-06-24
CSANA2,DI_SPREAD,2.49,CDI,3,26,50714854,16904951,3.0850,2.0986,2026-06-01
BPSE11,,0.10,,3,3,50655363,16885121,,,
CESPA2,IPCA_SPREAD,2.78,B29,9,10,50607889,5623099,-10,-32,2026-06-18
RDCD12,,1.61,,1,6,50483372,50483372,,,
CMGDB3,DI_SPREAD,3.64,CDI,1,4,50449955,50449955,0.7608,0.7608,2026-05-05
CEED12,IPCA_SPREAD,3.02,,1,1,50071550,50071550,,,
PEJA23,IPCA_SPREAD,5.35,B33,11,14,49857276,4532480,10,6,2026-07-15
AEGP17,DI_SPREAD,0.66,CDI,2,3,49423510,24711755,4.7714,2.6139,2026-06-24
VALED1,IPCA_SPREAD,7.67,B37,17,18,48726901,2866288,-68,-97,2026-07-03
AURE13,DI_SPREAD,3.12,CDI,10,21,48598554,4859855,0.8822,0.8104,2026-07-03
RNDNA1,DI_SPREAD,3.44,CDI,1,3,48334822,48334822,2.0516,2.0516,2026-06-03
ENMTC6,IPCA_SPREAD,8.42,B40,1,1,47763690,47763690,31,31,2026-06-08
EQPAA0,DI_SPREAD,3.49,CDI,6,21,47609429,7934905,0.7561,0.7711,2026-07-15
ELPLA7,IPCA_SPREAD,3.95,B31,3,3,47499784,15833261,918,935,2026-04-08
CEEBE3,IPCA_SPREAD,3.99,B31,4,13,47182542,11795636,-29,-46,2026-07-09
ANHBA6,DI_SPREAD,3.91,CDI,6,17,46994898,7832483,0.6224,0.6093,2026-07-13
RDORD4,DI_SPREAD,3.55,CDI,7,18,46282370,6611767,1.1425,0.9193,2026-07-01
CSAN24,DI_SPREAD,3.35,CDI,3,11,45517135,15172378,2.4880,2.0456,2026-06-08
COMR14,IPCA_SPREAD,5.20,B32,4,9,45280455,11320114,132,132,2026-07-02
UTPS21,IPCA_SPREAD,5.11,B32,1,1,44643512,44643512,69,69,2026-06-03
AESLA9,IPCA_SPREAD,6.00,B33,9,17,44136302,4904034,-20,-34,2026-06-11
ELET17,DI_SPREAD,4.86,CDI,6,11,43082442,7180407,0.7353,0.6960,2026-07-15
CDES11,IPCA_SPREAD,6.46,B35,4,8,42193086,10548272,9,13,2026-06-22
IGTAB1,,1.47,,1,4,42152000,42152000,,,
COMR15,IPCA_SPREAD,5.54,B33,5,9,41123239,8224648,130,131,2026-07-02
FBRI13,IPCA_SPREAD,4.61,B32,3,7,40966366,13655455,-37,-46,2026-05-26
MULTB5,DI_SPREAD,4.46,CDI,2,8,40704397,20352199,0.5994,0.5994,2026-06-02
NATUA3,DI_SPREAD,2.39,,2,10,40651170,20325585,,,
DASAA6,DI_SPREAD,0.05,CDI,5,12,40518166,8103633,1.8195,1.8195,2026-06-17
AXIA19,IPCA_SPREAD,6.93,B37,4,5,40360632,10090158,-18,-10,2026-07-22
RDORB3,DI_SPREAD,3.41,CDI,1,9,40252832,40252832,1.0951,1.0951,2026-05-22
RNDNB0,DI_SPREAD,2.27,CDI,2,5,40083296,20041648,2.3015,2.2016,2026-05-12
TUPY15,DI_SPREAD,2.48,,1,6,39982428,39982428,,,
CPGS16,,10.24,,2,4,39980213,19990107,,,
CSMGB9,IPCA_SPREAD,3.64,B30,2,7,39959621,19979811,95,96,2026-07-06
CGOS28,IPCA_SPREAD,6.40,B35,12,13,39664197,3305350,19,13,2026-07-27
SUZB29,IPCA_SPREAD,5.60,B33,3,9,39311929,13103976,-52,-72,2026-07-03
EKTRB6,IPCA_SPREAD,8.36,B37,6,12,39136017,6522670,12,6,2026-07-08
RENTA5,DI_SPREAD,3.79,CDI,10,19,38242779,3824278,1.5372,1.2824,2026-07-03
DESK18,IPCA_SPREAD,4.42,B31,4,5,37802981,9450745,-1,-24,2026-06-26
JALL14,IPCA_SPREAD,3.62,B30,2,3,37790944,18895472,44,47,2026-05-05
LCAMD1,IPCA_SPREAD,3.52,B30,5,6,37711082,7542216,163,141,2026-06-26
VBBR15,DI_SPREAD,2.19,CDI,3,4,37222138,12407379,0.9817,1.0004,2026-07-03
CEEBF3,,4.69,,2,4,37134803,18567402,,,
GASC18,IPCA_SPREAD,6.98,B35,3,5,36865767,12288589,57,102,2026-05-14
FLCLA9,IPCA_SPREAD,6.66,B35,5,7,36764322,7352864,30,14,2026-07-17
ASAIA0,DI_SPREAD,2.04,CDI,4,11,36254379,9063595,2.0048,1.9400,2026-06-10
AESLA7,IPCA_SPREAD,5.42,B33,3,9,36228207,12076069,-13,-13,2026-05-29
CESPA3,IPCA_SPREAD,5.40,B33,3,5,36172870,12057623,13,-11,2026-05-28
ERDVA4,IPCA_SPREAD,4.15,B31,8,8,36136793,4517099,35,42,2026-07-16
TENG15,,0.01,,2,5,35963928,17981964,,,
ELET14,IPCA_SPREAD,3.57,B30,24,24,35847851,1493660,-30,-61,2026-07-23
SAELB7,IPCA_SPREAD,8.42,B40,3,6,35757769,11919256,54,54,2026-05-19
AXIA28,IPCA_SPREAD,6.90,B35,6,10,35612819,5935470,-31,-69,2026-07-23
ENMTA4,IPCA_SPREAD,3.66,B30,3,6,35498882,11832961,-10,-21,2026-05-29
SMFTA2,DI_SPREAD,2.75,CDI,2,7,35279508,17639754,0.8100,0.7200,2026-07-23
EQMAA0,IPCA_SPREAD,3.81,B30,2,8,35141408,17570704,-6,-5,2026-06-01
EGIEB5,IPCA_SPREAD,6.16,B35,8,13,35119848,4389981,-25,-47,2026-07-16
CPGT17,DI_SPREAD,0.23,,3,3,35034161,11678054,,,
DASAC5,DI_SPREAD,3.57,CDI,6,18,35027436,5837906,2.9010,2.8591,2026-07-23
DXCO13,DI_SPREAD,3.41,CDI,1,3,35011254,35011254,0.6492,0.6492,2026-06-24
ENEVB4,IPCA_SPREAD,8.85,B40,5,8,34578379,6915676,12,10,2026-07-13
ELTN19,DI_SPREAD,4.18,CDI,5,18,34548742,6909748,0.7851,0.6385,2026-07-15
EKTRA6,IPCA_SPREAD,9.00,B40,6,12,34390513,5731752,4,21,2026-06-25
RISP22,IPCA_SPREAD,7.59,B37,3,7,33951289,11317096,372,394,2026-05-18
RIS412,IPCA_SPREAD,4.05,B31,5,7,33741039,6748208,481,334,2026-07-07
CSRNB3,IPCA_SPREAD,6.93,B35,6,19,33404990,5567498,-15,8,2026-06-16
PALFB6,IPCA_SPREAD,5.66,B33,7,17,33227367,4746767,-35,-42,2026-07-22
ASAIA1,DI_SPREAD,2.16,CDI,6,27,33068702,5511450,1.9566,1.9150,2026-05-21
HLIX13,,0.10,,1,1,32977839,32977839,,,
TRPLB7,IPCA_SPREAD,8.23,B37,6,7,32851186,5475198,-20,-32,2026-07-16
VBBR24,DI_SPREAD,3.06,CDI,4,5,32582069,8145517,1.1211,1.1220,2026-07-03
DESK17,IPCA_SPREAD,3.37,B30,4,8,32372819,8093205,16,16,2026-04-17
CGOSA0,IPCA_SPREAD,6.70,B35,3,5,32299357,10766452,12,12,2026-04-14
EEELB5,IPCA_SPREAD,6.00,B33,1,9,31875954,31875954,-8,-8,2026-05-21
ELET25,DI_SPREAD,3.40,CDI,2,6,31860506,15930253,0.6397,0.6185,2026-05-25
ELET16,IPCA_SPREAD,6.15,B35,10,10,31834956,3183496,-30,-26,2026-07-08
CPFGA2,IPCA_SPREAD,3.35,B30,1,1,31807151,31807151,-39,-39,2026-05-21
QUAT13,IPCA_SPREAD,3.62,B30,2,3,31500901,15750451,110,114,2026-07-24
HAPV28,DI_SPREAD,3.77,CDI,4,12,31245581,7811395,9.7551,9.5000,2026-04-06
BRIT12,DI_SPREAD,2.42,CDI,2,5,30959558,15479779,1.3451,1.3601,2026-05-25
AEGE17,DI_SPREAD,3.99,CDI,6,6,30932231,5155372,6.3247,5.0633,2026-07-23
WNTY12,IPCA_SPREAD,4.52,B31,2,4,30869980,15434990,136,153,2026-05-26
COGNA4,DI_SPREAD,2.30,CDI,2,5,30577230,15288615,1.0801,1.0751,2026-06-03
AEGPB3,DI_SPREAD,3.35,CDI,7,16,30451213,4350173,4.6333,3.4397,2026-07-08
ENERB6,PREFIXADO,4.08,,1,8,30340611,30340611,,,
RDORC4,DI_SPREAD,1.04,CDI,3,18,30238727,10079576,0.5651,0.6020,2026-04-10
CEAL12,IPCA_SPREAD,6.70,B35,3,5,30005452,10001817,24,21,2026-06-16
ENMTC5,IPCA_SPREAD,6.61,B35,3,10,29969565,9989855,15,15,2026-05-29
AESLB0,IPCA_SPREAD,6.13,B35,1,4,29935673,29935673,1,1,2026-05-18
ESSDA5,IPCA_SPREAD,6.66,B35,2,2,29803793,14901897,17,15,2026-06-08
ENEVA3,DI_SPREAD,2.73,CDI,3,11,29574814,9858271,0.8950,0.6993,2026-05-05
AGIZ11,IPCA_SPREAD,8.00,B37,1,3,29501186,29501186,74,74,2026-06-11
CSAN33,IPCA_SPREAD,3.48,B30,2,2,29486077,14743039,303,223,2026-06-17
EBENC1,DI_SPREAD,4.06,CDI,2,7,29472904,14736452,0.7343,0.7085,2026-05-27
CEEBC3,IPCA_SPREAD,3.68,B30,6,7,29134059,4855677,-27,-23,2026-06-19
CPIS14,IPCA_SPREAD,6.71,B35,3,5,29083460,9694487,21,21,2026-06-16
ISAEA8,IPCA_SPREAD,5.13,B32,4,8,29032125,7258031,-39,-54,2026-06-29
CSRNA1,IPCA_SPREAD,1.79,B28,2,9,28735199,14367600,-25,-50,2026-07-27
PLSB1A,IPCA_SPREAD,2.82,B29,13,15,28689432,2206879,128,128,2026-07-09
BRKP28,IPCA_SPREAD,5.15,B32,2,3,28439536,14219768,45,58,2026-04-09
CCROA7,DI_SPREAD,1.72,CDI,2,15,27668283,13834142,0.4142,0.4000,2026-06-30
EDPT11,IPCA_SPREAD,3.33,B30,1,1,27563150,27563150,-12,-12,2026-03-31
USIMA0,DI_SPREAD,2.48,CDI,4,13,27209782,6802446,1.4070,1.3485,2026-07-07
CPLD29,IPCA_SPREAD,5.76,B33,7,11,26851368,3835910,-49,-49,2026-07-08
EGIEB4,IPCA_SPREAD,3.92,B31,3,25,26574523,8858174,-66,-59,2026-07-23
CSANC1,DI_SPREAD,4.86,CDI,3,4,26473891,8824630,2.8973,2.8532,2026-04-30
CSRNA2,DI_SPREAD,3.04,CDI,5,13,26158831,5231766,0.8601,0.5900,2026-06-25
VSFE11,,16.64,,2,3,26031598,13015799,,,
EPRL12,IPCA_SPREAD,8.62,B40,1,6,25998938,25998938,132,132,2026-06-09
CRCG12,,0.78,,1,3,25993609,25993609,,,
CGASA4,IPCA_SPREAD,7.64,B37,3,4,25907447,8635816,-18,-19,2026-07-16
CPFPA8,DI_SPREAD,2.18,CDI,1,2,25756995,25756995,0.4350,0.4350,2026-05-22
CEAP14,IPCA_SPREAD,5.17,B32,2,6,25611844,12805922,3,-9,2026-06-18
CLMOA3,,4.09,,1,1,25605377,25605377,,,
BTEL13,PREFIXADO,3.64,,6,8,25464254,4244042,,,
CEPEA6,PREFIXADO,4.03,,2,9,25436034,12718017,,,
RUMOA3,IPCA_SPREAD,2.05,B28,6,7,25279633,4213272,84,65,2026-06-08
ALIG15,IPCA_SPREAD,4.64,B32,1,1,24731437,24731437,-51,-51,2026-03-25
VBBR17,DI_SPREAD,3.28,CDI,4,10,24390695,6097674,0.8300,0.7500,2026-07-21
RIS424,IPCA_SPREAD,7.48,B37,11,17,24364153,2214923,373,388,2026-05-27
CMTR29,IPCA_SPREAD,3.01,B29,3,9,24133975,8044658,-28,-44,2026-07-20
ARTRA8,IPCA_SPREAD,4.50,B31,2,4,23954265,11977133,180,236,2026-06-22
CMGDB2,IPCA_SPREAD,8.10,B37,9,11,23886812,2654090,8,-29,2026-07-03
EKTT11,IPCA_SPREAD,5.21,,4,10,23131617,5782904,,,
RUMOA2,IPCA_SPREAD,1.44,B28,6,8,23023438,3837240,80,21,2026-07-24
RDORD9,DI_SPREAD,0.01,CDI,3,9,22759330,7586443,1.5254,1.5630,2026-04-24
RDORI6,DI_SPREAD,5.57,CDI,5,16,22721372,4544274,1.3260,1.3000,2026-06-22
CGEE23,IPCA_SPREAD,5.51,B33,1,5,22719484,22719484,571,571,2026-05-28
QYAN11,DI_SPREAD,3.35,CDI,4,14,22663589,5665897,0.8369,0.7483,2026-06-24
CPJG18,,6.81,,1,3,22660434,22660434,,,
ISPE13,DI_SPREAD,2.32,CDI,2,8,22564244,11282122,2.4850,2.4500,2026-07-15
CPLD26,IPCA_SPREAD,3.50,,2,3,22378385,11189193,,,
ENGIA5,IPCA_SPREAD,3.66,B30,1,3,22219488,22219488,-10,-10,2026-05-21
EEELA0,IPCA_SPREAD,5.09,B32,3,6,22139444,7379815,-15,-15,2026-05-07
EQTL17,DI_SPREAD,2.13,CDI,4,15,22111927,5527982,0.6356,0.6156,2026-07-07
ENAT33,IPCA_SPREAD,5.28,B33,6,6,21893883,3648981,85,95,2026-07-07
RODB11,DI_SPREAD,2.40,CDI,2,8,21673206,10836603,2.4778,2.4778,2026-06-23
RECV12,DI_SPREAD,2.22,CDI,1,5,21644120,21644120,0.9008,0.9008,2026-04-13
ENSEB4,IPCA_SPREAD,6.60,B35,3,8,21546365,7182122,2,2,2026-07-07
RIS414,IPCA_SPREAD,4.35,B31,8,8,21111727,2638966,404,334,2026-07-07
RIS422,IPCA_SPREAD,7.56,B37,2,6,21066690,10533345,400,428,2026-05-19
CEED16,DI_SPREAD,2.34,CDI,1,3,21063766,21063766,0.6408,0.6408,2026-05-21
QUAL18,DI_SPREAD,1.74,CDI,2,9,21006995,10503498,4.3975,4.3000,2026-07-06
KLBNA5,IPCA_SPREAD,8.26,B37,5,7,20830550,4166110,-49,-62,2026-07-03
CRNP13,IPCA_SPREAD,8.63,B40,2,6,20804888,10402444,66,109,2026-07-02
CSNP12,IPCA_SPREAD,2.93,B29,3,8,20760402,6920134,11,11,2026-06-11
MVLV19,DI_SPREAD,0.64,CDI,4,5,20659922,5164981,2.6208,2.3845,2026-05-19
CMGTA0,DI_SPREAD,2.47,CDI,2,2,20565391,10282696,0.5485,0.5485,2026-05-21
ENMTD9,,6.98,,1,1,20469240,20469240,,,
ENSEC4,IPCA_SPREAD,8.40,B40,2,2,20433515,10216758,32,31,2026-06-08
VIXL18,DI_SPREAD,2.33,CDI,2,7,20368564,10184282,1.1741,1.1737,2026-05-06
USIMB0,DI_SPREAD,3.28,CDI,1,7,20293176,20293176,1.7208,1.7208,2026-05-13
CDGS26,DI_SPREAD,3.47,CDI,1,2,20044835,20044835,0.7993,0.7993,2026-05-27
CGOS15,DI_SPREAD,2.13,CDI,1,15,20020902,20020902,0.6254,0.6254,2026-05-20
CIEL19,DI_SPREAD,1.92,CDI,1,7,20015735,20015735,0.4001,0.4001,2026-05-19
UNIPB0,DI_SPREAD,4.78,CDI,2,6,20009242,10004621,1.7435,1.6885,2026-05-14
GGBRA8,DI_SPREAD,2.05,CDI,1,12,20009193,20009193,0.3950,0.3950,2026-06-15
EUFA19,DI_SPREAD,3.27,CDI,1,3,20006934,20006934,1.4601,1.4601,2026-04-28
AURP13,IPCA_SPREAD,7.20,B35,3,7,19883150,6627717,16,3,2026-06-18
ANIM15,DI_SPREAD,1.54,CDI,2,6,19644172,9822086,1.5151,1.4801,2026-05-13
IPIPA5,IPCA_SPREAD,6.21,,1,1,19643236,19643236,,,
CLCD27,IPCA_SPREAD,5.41,B33,6,15,19524940,3254157,-45,-52,2026-07-06
ELDC15,IPCA_SPREAD,5.98,B33,4,13,19393636,4848409,78,103,2026-07-22
RDORC7,DI_SPREAD,1.66,CDI,2,10,19144964,9572482,0.5378,0.5356,2026-06-10
MATD23,,4.23,,2,2,19001849,9500925,,,
MRSAC2,IPCA_SPREAD,8.15,B37,5,8,18978773,3795755,-9,-42,2026-07-03
PEJA22,IPCA_SPREAD,5.20,B32,10,13,18973679,1897368,8,2,2026-07-06
APFD19,IPCA_SPREAD,2.63,B29,4,9,18694738,4673685,-20,-22,2026-06-19
RECV11,IPCA_SPREAD,3.29,B30,3,7,18610804,6203601,-7,-1,2026-07-09
ENMTB5,IPCA_SPREAD,4.02,B31,1,3,18257935,18257935,-15,-15,2026-05-21
RDORB9,DI_SPREAD,2.92,CDI,4,14,18249199,4562300,1.0035,0.9700,2026-06-15
CGASA2,IPCA_SPREAD,7.36,B37,1,4,18235269,18235269,-20,-20,2026-03-18
NTSD26,DI_SPREAD,2.95,CDI,4,11,18124875,4531219,0.8829,0.8444,2026-07-20
RENTD1,IPCA_SPREAD,5.36,B33,6,7,17976348,2996058,184,171,2026-07-02
ALIG13,IPCA_SPREAD,3.79,B30,1,1,17835568,17835568,-44,-44,2026-05-12
NEOE16,IPCA_SPREAD,1.80,B28,7,8,17804979,2543568,-15,-44,2026-07-24
USIM39,DI_SPREAD,3.69,CDI,3,6,17518099,5839366,2.1000,1.5615,2026-06-25
GUAR17,DI_SPREAD,1.50,CDI,3,7,17275855,5758618,0.9250,0.9135,2026-06-11
MILS29,DI_SPREAD,3.52,CDI,3,6,17029517,5676506,1.2179,1.2000,2026-07-17
CPGT28,IPCA_SPREAD,5.89,,2,5,16944932,8472466,,,
ENTV13,IPCA_SPREAD,5.85,,7,11,16599754,2371393,,,
AESOA1,IPCA_SPREAD,5.30,B33,2,7,16446659,8223330,-6,-6,2026-07-15
UNIPA0,DI_SPREAD,3.86,CDI,3,3,16237709,5412570,1.5500,1.5400,2026-06-03
ELTN17,PREFIXADO,4.29,,3,3,16198738,5399579,,,
ENEV39,IPCA_SPREAD,9.38,B40,2,4,16045338,8022669,26,28,2026-03-25
CPFPB0,IPCA_SPREAD,6.00,B33,1,4,15860320,15860320,-29,-29,2026-04-08
CBAN22,DI_SPREAD,3.24,CDI,1,6,15694963,15694963,0.8200,0.8200,2026-06-12
CLAG13,IPCA_SPREAD,1.41,B28,5,5,15643797,3128759,108,108,2026-07-14
EEELA1,IPCA_SPREAD,5.42,B33,4,10,15455945,3863986,-15,-14,2026-06-09
CPLDC0,IPCA_SPREAD,6.59,B35,3,9,15435026,5145009,7,7,2026-06-02
ELTN37,IPCA_SPREAD,6.69,B35,11,12,15434769,1403161,-26,-26,2026-07-08
ENEV18,IPCA_SPREAD,4.25,B31,3,3,15335235,5111745,-14,-8,2026-05-19
ELTN27,IPCA_SPREAD,4.90,B32,6,11,15312541,2552090,-29,-19,2026-06-17
ECOA11,,6.36,,3,8,15236520,5078840,,,
MULTA5,DI_SPREAD,3.13,CDI,2,6,15134579,7567290,0.5004,0.5008,2026-07-23
BARU11,IPCA_SPREAD,7.42,,2,4,15065844,7532922,,,
CAEC12,IPCA_SPREAD,6.42,B35,1,1,15063081,15063081,16,16,2026-07-20
CTEP13,,3.02,,1,4,15011670,15011670,,,
EDSE13,,1.43,,2,3,15004102,7502051,,,
EDPA11,IPCA_SPREAD,6.50,B35,1,2,14927955,14927955,11,11,2026-04-09
FIQE14,,4.71,,1,5,14924749,14924749,,,
CART13,IPCA_SPREAD,4.03,,2,6,14893443,7446722,,,
GSHC17,DI_SPREAD,1.88,CDI,2,5,14781867,7390934,2.6500,2.8000,2026-07-24
ARTR19,IPCA_SPREAD,0.61,,3,4,14760561,4920187,,,
CPIS13,IPCA_SPREAD,6.37,B35,2,6,14658970,7329485,39,48,2026-05-20
ASAI19,DI_SPREAD,1.81,CDI,2,8,14519864,7259932,2.8758,2.7515,2026-04-17
NTSDA0,DI_SPREAD,3.50,CDI,2,13,14486536,7243268,0.8404,0.7908,2026-05-15
CMGTB1,IPCA_SPREAD,8.60,B40,2,7,14367656,7183828,11,1,2026-07-02
CPLDA0,DI_SPREAD,2.50,CDI,1,4,14005913,14005913,0.4880,0.4880,2026-06-22
CESE22,DI_SPREAD,0.99,CDI,1,2,13946373,13946373,1.0208,1.0208,2026-03-27
SBFC13,DI_SPREAD,0.71,CDI,1,2,13859221,13859221,0.8001,0.8001,2026-04-28
RIPR22,IPCA_SPREAD,3.51,B30,2,11,13488729,6744365,-65,-40,2026-05-05
GSTS14,IPCA_SPREAD,4.03,B31,3,4,13152999,4384333,258,264,2026-06-26
ORMA17,DI_SPREAD,4.22,,1,2,13077785,13077785,,,
BSA3A0,DI_SPREAD,2.80,CDI,3,15,13064164,4354721,0.3684,0.3589,2026-07-22
ISAEB8,IPCA_SPREAD,4.88,B32,8,17,12837528,1604691,-54,-66,2026-07-23
CGASB4,IPCA_SPREAD,8.51,B40,2,5,12802040,6401020,-5,-26,2026-04-30
EBENA8,IPCA_SPREAD,6.83,B35,3,9,12623599,4207866,1,5,2026-05-05
HAPV21,,0.20,,1,1,12590778,12590778,,,
NTEN11,IPCA_SPREAD,1.88,B28,5,8,12471060,2494212,563,563,2026-06-15
CMGDA2,DI_SPREAD,3.56,CDI,3,21,12416364,4138788,0.6693,0.6093,2026-06-12
RUMOA4,IPCA_SPREAD,2.44,B29,7,8,12351254,1764465,86,115,2026-05-13
TFLEA6,DI_SPREAD,3.24,CDI,3,4,12340487,4113496,1.0999,1.0999,2026-06-08
EGIE27,IPCA_SPREAD,1.27,B27,2,3,12269775,6134888,-164,-153,2026-03-30
BSA312,DI_SPREAD,2.63,,1,2,12168245,12168245,,,
EUFA18,DI_SPREAD,1.80,CDI,5,21,11787202,2357440,0.8500,0.8400,2026-07-23
ENAT32,PREFIXADO,2.52,,2,2,11728513,5864257,,,
SVEA14,DI_SPREAD,1.25,CDI,2,5,11687596,5843798,1.9470,1.9450,2026-07-02
RALM11,IPCA_SPREAD,8.27,,4,7,11672979,2918245,,,
MSGT13,IPCA_SPREAD,2.87,B29,1,4,11540490,11540490,100,100,2026-06-12
CEPEC1,IPCA_SPREAD,3.67,B30,2,2,11435853,5717927,-11,-10,2026-05-11
SBSPB1,DI_SPREAD,2.98,CDI,4,9,11251017,2812754,0.5562,0.5536,2026-07-14
ISAEC2,IPCA_SPREAD,9.22,B40,1,2,11224737,11224737,0,0,2026-05-27
ANIM18,DI_SPREAD,2.31,CDI,2,5,11196320,5598160,2.2294,2.2289,2026-07-23
RDORG6,DI_SPREAD,3.92,CDI,3,13,11180567,3726856,1.4818,1.4818,2026-04-23
TAEEB8,IPCA_SPREAD,5.98,B33,5,9,11166705,2233341,-53,-63,2026-06-17
RECV13,DI_SPREAD,3.59,CDI,1,1,11001363,11001363,0.9500,0.9500,2026-07-02
CEED19,IPCA_SPREAD,6.82,B35,1,3,10980834,10980834,16,16,2026-04-09
ERDVC4,IPCA_SPREAD,7.85,B37,2,2,10950278,5475139,95,106,2026-05-20
MATD13,DI_SPREAD,3.88,CDI,1,3,10822938,10822938,0.7300,0.7300,2026-07-01
CRTR12,IPCA_SPREAD,6.44,B35,7,8,10807381,1543912,77,77,2026-06-18
HVSP11,IPCA_SPREAD,4.90,,2,10,10792141,5396071,,,
PETR28,IPCA_SPREAD,8.69,B40,2,4,10590396,5295198,-44,-46,2026-06-09
EDST11,,12.78,,1,1,10564677,10564677,,,
ORIG12,IPCA_SPREAD,4.84,B32,4,6,10529030,2632258,295,317,2026-07-20
CPGTA0,DI_SPREAD,1.72,CDI,1,3,10524247,10524247,0.4450,0.4450,2026-06-23
IGSN15,IPCA_SPREAD,3.76,B30,2,2,10516968,5258484,332,332,2026-06-26
SMTO24,IPCA_SPREAD,7.09,B35,1,2,10499819,10499819,49,49,2026-05-26
ENAT11,IPCA_SPREAD,1.71,B28,8,10,10425847,1303231,120,82,2026-06-02
RSAN15,DI_SPREAD,0.37,CDI,2,2,10420186,5210093,2.0764,2.1072,2026-06-30
AURE12,IPCA_SPREAD,5.38,B33,4,6,10374447,2593612,-22,38,2026-04-23
RISP24,IPCA_SPREAD,7.46,B37,10,10,10348482,1034848,290,430,2026-05-19
ANHBA5,DI_SPREAD,2.92,CDI,2,9,10277153,5138577,0.5507,0.5175,2026-07-15
TFLE19,DI_SPREAD,2.96,CDI,3,14,10257224,3419075,1.1885,1.0050,2026-07-10
AEEP11,,3.03,,1,1,10240008,10240008,,,
VALEA0,IPCA_SPREAD,6.35,B35,5,5,10239167,2047833,-68,-88,2026-07-23
CLCD26,IPCA_SPREAD,2.95,B29,1,6,10219137,10219137,-44,-44,2026-04-08
QUAL16,DI_SPREAD,0.81,CDI,3,6,10176780,3392260,2.8888,2.8888,2026-07-03
SAELA3,IPCA_SPREAD,4.05,B31,1,2,10139381,10139381,-15,-15,2026-05-21
RUMOA6,IPCA_SPREAD,3.51,B30,1,2,10138041,10138041,69,69,2026-05-22
IOCHA3,DI_SPREAD,2.15,CDI,2,8,10122489,5061245,1.4606,1.4726,2026-05-21
TIGR12,DI_SPREAD,2.59,CDI,2,2,10056409,5028205,1.5000,1.5000,2026-07-22
HYPEC0,DI_SPREAD,2.69,CDI,1,4,10009411,10009411,0.7493,0.7493,2026-06-03
BRKPA3,DI_SPREAD,2.35,CDI,2,4,10008608,5004304,2.6465,2.5579,2026-07-03
CLCD16,DI_SPREAD,1.17,CDI,1,6,10007601,10007601,0.8000,0.8000,2026-07-27
HGLB13,DI_SPREAD,3.59,CDI,1,3,9998680,9998680,2.6655,2.6655,2026-03-20
GRRB24,,2.32,,1,1,9992604,9992604,,,
EGIEB2,IPCA_SPREAD,5.60,B33,2,8,9990306,4995153,-33,-14,2026-06-02
GASC16,IPCA_SPREAD,6.14,B35,2,5,9955494,4977747,68,44,2026-07-10
CBAN72,IPCA_SPREAD,4.17,B31,2,3,9942125,4971063,-25,-24,2026-05-06
VAMO13,DI_SPREAD,1.62,CDI,1,2,9764767,9764767,4.2501,4.2501,2026-06-03
EBAS13,IPCA_SPREAD,3.73,B30,3,4,9758913,3252971,10,6,2026-07-09
RDORH6,DI_SPREAD,4.58,CDI,2,12,9753018,4876509,1.3807,1.1350,2026-07-06
CPGT19,DI_SPREAD,1.85,CDI,1,2,9657419,9657419,0.5916,0.5916,2026-03-20
SBSPF3,IPCA_SPREAD,8.18,B37,9,12,9319063,1035451,-31,-43,2026-07-23
CSAN18,DI_SPREAD,3.07,CDI,3,8,9288442,3096147,1.8495,1.7981,2026-06-19
MOTVA8,DI_SPREAD,2.95,CDI,1,7,9248867,9248867,0.6578,0.6578,2026-03-31
FURN21,IPCA_SPREAD,1.68,B28,3,6,9245532,3081844,-4,-4,2026-06-15
UHSM12,IPCA_SPREAD,6.67,B35,4,8,9215766,2303942,-38,-38,2026-07-03
EGIEA5,PREFIXADO,4.73,,1,8,9196443,9196443,,,
ENERB4,IPCA_SPREAD,6.19,B35,1,2,9156944,9156944,32,32,2026-05-05
VLIM13,IPCA_SPREAD,2.24,B29,3,4,9048617,3016206,-38,-12,2026-04-27
AXIAB0,,6.99,,1,1,9048496,9048496,,,
TUBS13,,8.94,,1,2,9025372,9025372,,,
CBAN12,IPCA_SPREAD,4.18,B31,7,7,8818272,1259753,-46,-57,2026-06-18
SNGO10,DI_SPREAD,0.45,CDI,1,1,8788774,8788774,0.3450,0.3450,2026-05-20
RRRP13,IPCA_SPREAD,3.79,B30,4,5,8667022,2166756,101,61,2026-06-23
ENAT23,PREFIXADO,3.08,,1,1,8438002,8438002,,,
SMFTC3,DI_SPREAD,4.73,CDI,1,5,8272736,8272736,1.0250,1.0250,2026-07-13
PETR26,IPCA_SPREAD,2.35,B29,4,4,8134839,2033710,-108,-110,2026-07-02
ENAT13,IPCA_SPREAD,3.36,B30,3,4,7906282,2635427,87,87,2026-06-10
TIMS12,IPCA_SPREAD,1.34,B27,8,11,7839099,979887,-337,-345,2026-06-26
PFOR25,DI_SPREAD,3.44,CDI,5,6,7803772,1560754,1.6286,1.6286,2026-07-03
ASAIA2,DI_SPREAD,2.69,CDI,2,8,7360856,3680428,2.4005,1.9009,2026-07-07
FLCLB9,IPCA_SPREAD,8.42,B40,1,2,7274219,7274219,57,57,2026-04-29
LCAMD3,IPCA_SPREAD,2.44,B29,5,8,7169699,1433940,164,178,2026-05-12
MOVIA3,DI_SPREAD,0.56,CDI,3,12,7120446,2373482,2.4614,1.9665,2026-07-16
AEAB11,IPCA_SPREAD,7.46,B37,2,2,7101272,3550636,36,36,2026-06-18
VAMO34,IPCA_SPREAD,3.46,B30,2,3,7100254,3550127,668,641,2026-07-22
TNHL11,IPCA_SPREAD,5.94,,1,2,7075877,7075877,,,
TUPW11,DI_SPREAD,3.05,CDI,1,5,7073131,7073131,6.2100,6.2100,2026-06-09
SABP12,IPCA_SPREAD,6.15,,1,1,7021155,7021155,,,
VLIDA1,DI_SPREAD,2.69,,1,1,6947023,6947023,,,
VERTA2,,1.94,,2,3,6936692,3468346,,,
CEEBA3,DI_SPREAD,0.23,CDI,1,1,6921255,6921255,0.8902,0.8902,2026-05-26
MNRVA1,DI_SPREAD,0.23,CDI,5,10,6889550,1377910,1.6454,1.6853,2026-07-24
RDORA5,DI_SPREAD,4.00,CDI,1,4,6872897,6872897,1.2508,1.2508,2026-05-20
QUAT16,,4.48,,1,2,6872795,6872795,,,
SBSPE7,DI_SPREAD,4.86,CDI,2,13,6581258,3290629,0.8151,0.8062,2026-05-22
HZTC14,IPCA_SPREAD,3.99,B31,1,2,6569849,6569849,5,5,2026-06-03
LORTA7,IPCA_SPREAD,3.60,B30,1,2,6515506,6515506,173,173,2026-04-23
ENGIB2,IPCA_SPREAD,6.19,B35,5,5,6476914,1295383,5,5,2026-06-03
TPNO12,IPCA_SPREAD,1.54,B28,2,3,6430679,3215340,-55,-62,2026-03-26
USAS11,IPCA_SPREAD,1.03,B27,2,3,6407366,3203683,-143,-120,2026-06-25
CEEBB7,IPCA_SPREAD,5.17,B32,2,5,6341682,3170841,0,-11,2026-07-06
VAMO33,IPCA_SPREAD,3.34,B30,1,5,6249475,6249475,620,620,2026-07-22
CCIA13,,6.55,,1,1,6197150,6197150,,,
COGNA5,DI_SPREAD,2.03,CDI,1,4,6153336,6153336,1.1945,1.1945,2026-04-23
UNIP18,DI_SPREAD,2.81,CDI,1,3,6104117,6104117,1.6239,1.6239,2026-05-21
MILSA1,DI_SPREAD,2.69,CDI,1,1,6068938,6068938,1.1183,1.1183,2026-06-29
SMFTA0,DI_SPREAD,2.13,CDI,1,5,6062155,6062155,0.6055,0.6055,2026-05-21
CEPEA8,IPCA_SPREAD,3.35,B30,1,11,5964715,5964715,-48,-48,2026-06-01
FLRY29,DI_SPREAD,3.23,CDI,1,2,5876203,5876203,0.5593,0.5593,2026-06-11
SBSPE3,IPCA_SPREAD,6.28,B35,3,3,5872916,1957639,-47,-51,2026-07-08
ITPO14,IPCA_SPREAD,5.06,,4,4,5830536,1457634,,,
CASN14,DI_SPREAD,1.83,CDI,3,5,5789290,1929763,2.5550,2.5550,2026-06-25
ALGTA4,IPCA_SPREAD,4.76,B32,3,5,5752011,1917337,70,70,2026-07-07
SBSPF8,DI_SPREAD,0.08,CDI,1,1,5709827,5709827,0.8536,0.8536,2026-06-09
CEROA4,IPCA_SPREAD,6.65,B35,1,1,5700228,5700228,4,4,2026-04-16
TRPLB4,IPCA_SPREAD,7.84,B37,2,2,5699383,2849692,22,38,2026-06-18
TECG18,,4.17,,1,1,5635210,5635210,,,
ENEVB0,IPCA_SPREAD,7.96,B37,4,5,5475003,1368751,2,-3,2026-06-23
PFOR15,DI_SPREAD,2.38,CDI,2,9,5294417,2647209,1.3905,1.4360,2026-06-24
AZZA12,DI_SPREAD,2.67,CDI,1,3,5270016,5270016,1.4150,1.4150,2026-03-18
VLIM27,IPCA_SPREAD,7.31,B37,1,2,5265813,5265813,14,14,2026-05-28
ECOV16,IPCA_SPREAD,4.21,B31,3,6,5262988,1754329,-74,-74,2026-05-07
SERI11,IPCA_SPREAD,4.86,B32,2,4,5244556,2622278,15,34,2026-04-17
VLIM28,IPCA_SPREAD,7.52,B37,1,5,5244042,5244042,-16,-16,2026-07-07
COCEB2,IPCA_SPREAD,3.27,B30,2,4,5219176,2609588,88,81,2026-06-23
TRRG12,IPCA_SPREAD,4.18,B31,2,7,5134615,2567308,-33,-41,2026-07-08
NNAE12,IPCA_SPREAD,5.74,B33,1,3,5123303,5123303,60,60,2026-07-01
VEBMA8,DI_SPREAD,3.90,CDI,1,6,5104867,5104867,0.6292,0.6292,2026-06-08
USAS12,IPCA_SPREAD,3.78,B30,1,1,5091670,5091670,88,88,2026-05-20
IOCHA6,DI_SPREAD,2.66,CDI,1,8,5086438,5086438,1.6601,1.6601,2026-05-08
ITPO15,IPCA_SPREAD,5.78,B33,1,4,5081525,5081525,6,6,2026-07-20
RLMS13,IPCA_SPREAD,7.87,B37,1,1,5059330,5059330,96,96,2026-05-21
AEGPA9,DI_SPREAD,2.03,CDI,1,2,5054106,5054106,3.5501,3.5501,2026-05-18
HGLB23,IPCA_SPREAD,4.30,B31,2,4,5051638,2525819,254,272,2026-06-29
IOCHA4,DI_SPREAD,1.49,CDI,1,3,5035253,5035253,1.2500,1.2500,2026-06-15
MOTVA9,,4.42,,1,1,5027673,5027673,,,
ENMTE6,IPCA_SPREAD,6.66,B35,1,7,5017907,5017907,20,20,2026-05-08
TOTS16,,4.69,,1,3,5002450,5002450,,,
RNDNB2,DI_SPREAD,3.78,CDI,1,4,5002352,5002352,3.1715,3.1715,2026-04-22
SVEA15,DI_SPREAD,2.54,,1,2,5002067,5002067,,,
APFL18,DI_SPREAD,2.13,CDI,1,1,5001842,5001842,1.4000,1.4000,2026-06-12
MVLVA1,DI_SPREAD,0.85,CDI,1,2,5001492,5001492,2.6630,2.6630,2026-05-13
EKTRB3,IPCA_SPREAD,5.39,B33,1,3,4979854,4979854,-2,-2,2026-06-02
AZZA11,DI_SPREAD,2.48,,1,1,4822739,4822739,,,
PSAN23,DI_SPREAD,2.70,CDI,2,11,4724970,2362485,2.5498,2.3846,2026-06-24
ENTV12,IPCA_SPREAD,2.28,B29,6,10,4547570,757928,24,24,2026-07-24
EKTRC1,IPCA_SPREAD,2.29,B29,4,6,4418886,1104722,-14,-8,2026-07-08
ELPLA5,IPCA_SPREAD,3.32,B30,2,2,4416315,2208158,935,944,2026-04-08
CRCG14,,2.76,,1,2,4138849,4138849,,,
RENTC4,DI_SPREAD,1.98,CDI,3,12,4122164,1374055,1.2344,1.2344,2026-07-10
MRSAB2,IPCA_SPREAD,6.73,B35,3,7,4088687,1362896,-3,-3,2026-06-15
VTEG24,,3.44,,1,1,4057107,4057107,,,
CASN24,IPCA_SPREAD,3.08,B30,1,3,4003917,4003917,41,41,2026-05-29
BRST15,IPCA_SPREAD,4.40,B31,1,3,3976907,3976907,39,39,2026-04-17
CCROB6,IPCA_SPREAD,5.48,B33,6,7,3881291,646882,-24,-41,2026-06-26
RISP14,IPCA_SPREAD,4.35,B31,9,10,3621720,402413,512,475,2026-05-27
QMCT14,IPCA_SPREAD,4.81,B32,1,2,3592436,3592436,124,124,2026-04-17
BLMN12,IPCA_SPREAD,2.33,B29,1,4,3529565,3529565,-66,-66,2026-03-18
ASCP23,IPCA_SPREAD,5.17,B32,1,2,3512855,3512855,31,31,2026-05-08
TAEEA8,IPCA_SPREAD,4.50,B31,2,7,3390349,1695175,-55,-62,2026-07-16
EGIEA1,IPCA_SPREAD,5.13,B32,6,12,3157182,526197,-53,-43,2026-07-10
MOVI37,IPCA_SPREAD,3.39,B30,1,1,3095624,3095624,791,791,2026-03-19
NTSD19,IPCA_SPREAD,8.68,B40,1,2,3086813,3086813,-13,-13,2026-04-24
VEBMA6,DI_SPREAD,3.29,CDI,1,2,2985711,2985711,1.1015,1.1015,2026-06-10
ENEV29,IPCA_SPREAD,7.11,B35,1,1,2876322,2876322,-2,-2,2026-06-25
ELPLB4,,0.01,,3,6,2782812,927604,,,
RSAN26,IPCA_SPREAD,7.59,B37,4,6,2773397,693349,183,194,2026-07-16
ENGIB9,IPCA_SPREAD,4.96,B32,3,5,2575151,858384,13,-16,2026-06-08
CRCF12,IPCA_SPREAD,7.64,,3,12,2526745,842248,,,
ENEV38,DI_SPREAD,2.12,CDI,1,3,2489768,2489768,0.8400,0.8400,2026-07-13
CGMG18,IPCA_SPREAD,2.31,B29,4,7,2469983,617496,-39,-36,2026-06-11
PEJA11,IPCA_SPREAD,2.98,B29,7,8,2449625,349946,4,-22,2026-06-23
MRSAB1,IPCA_SPREAD,6.22,B35,2,4,2394800,1197400,-28,-23,2026-07-10
RSAN25,DI_SPREAD,1.99,CDI,5,12,2289734,457947,2.6070,2.6119,2026-05-07
VALEB1,IPCA_SPREAD,4.79,B32,8,11,2127366,265921,-99,-92,2026-07-24
EGIED1,DI_SPREAD,1.59,CDI,1,9,2051065,2051065,0.4800,0.4800,2026-06-19
EDPR13,DI_SPREAD,2.34,CDI,1,5,2010718,2010718,0.5950,0.5950,2026-06-26
CPLD27,DI_SPREAD,0.76,,1,1,2003062,2003062,,,
DASAB2,DI_SPREAD,2.54,CDI,1,5,2000125,2000125,3.0250,3.0250,2026-06-19
GASC23,IPCA_SPREAD,5.79,B33,1,1,1928456,1928456,41,41,2026-03-24
POTE11,IPCA_SPREAD,6.15,B35,2,4,1912955,956478,36,36,2026-07-20
AEGP19,DI_SPREAD,1.04,CDI,2,7,1896278,948139,3.4364,3.3683,2026-07-07
LVTC22,DI_SPREAD,1.40,CDI,1,2,1764023,1764023,5.7172,5.7172,2026-07-15
SMTO14,IPCA_SPREAD,4.67,B32,1,1,1720725,1720725,38,38,2026-07-03
CEAP12,IPCA_SPREAD,3.12,B30,1,3,1675488,1675488,-18,-18,2026-05-22
ECER12,IPCA_SPREAD,1.13,B27,5,7,1614026,322805,-116,-269,2026-06-15
VBBR26,DI_SPREAD,4.19,CDI,2,7,1540874,770437,1.1010,1.0019,2026-07-01
SBSPB6,IPCA_SPREAD,0.96,B27,1,1,1450930,1450930,-306,-306,2026-06-17
GASC25,IPCA_SPREAD,7.99,B37,5,8,1445596,289119,44,44,2026-07-10
ASAIA3,DI_SPREAD,2.36,CDI,2,6,1391302,695651,1.9541,1.9219,2026-06-24
ENGIA6,IPCA_SPREAD,1.59,B28,3,4,1313516,437839,-4,-47,2026-07-17
SUZBA1,DI_SPREAD,3.73,CDI,1,6,1248032,1248032,0.4718,0.4718,2026-06-24
BRKMA8,DI_SPREAD,2.44,CDI,1,6,1231664,1231664,45.8129,45.8129,2026-04-23
LMTPA0,DI_SPREAD,2.53,CDI,3,19,1146165,382055,1.7481,1.7481,2026-07-07
APPSA2,IPCA_SPREAD,3.17,,1,5,1103362,1103362,,,
CLAG15,IPCA_SPREAD,4.74,B32,1,2,1060967,1060967,39,39,2026-03-18
SBSPC6,IPCA_SPREAD,2.77,B29,2,3,962144,481072,-72,-50,2026-04-30
GRRB14,,0.20,,1,1,958999,958999,,,
VAMO14,DI_SPREAD,1.06,CDI,3,10,939768,313256,3.8000,3.8000,2026-07-16
RSAN16,IPCA_SPREAD,5.44,B33,3,8,918965,306322,50,62,2026-04-27
ELET42,IPCA_SPREAD,1.68,B28,4,4,895248,223812,-42,-46,2026-06-18
USIM28,DI_SPREAD,1.96,CDI,1,5,856791,856791,1.8001,1.8001,2026-04-23
ITSA17,DI_SPREAD,4.08,CDI,1,4,855035,855035,0.6963,0.6963,2026-04-02
APPSB2,DI_SPREAD,1.00,CDI,1,1,828336,828336,1.4250,1.4250,2026-07-08
BCBF16,DI_SPREAD,0.64,CDI,2,13,809343,404672,11.0000,11.0031,2026-03-23
ADPA21,DI_SPREAD,1.27,CDI,2,6,778964,389482,3.0500,3.0000,2026-06-17
ASAI22,DI_SPREAD,1.19,CDI,2,10,778942,389471,2.2900,1.9849,2026-05-05
CEED21,IPCA_SPREAD,2.33,B29,2,4,743995,371998,-28,-30,2026-06-10
RIGEA3,IPCA_SPREAD,2.13,B28,1,1,740428,740428,-43,-43,2026-07-14
ENEV19,IPCA_SPREAD,4.25,B31,2,2,701266,350633,-24,-36,2026-06-09
ORIG22,PREFIXADO,4.18,,1,2,692083,692083,,,
BHIAA1,,2.42,,1,2,681763,681763,,,
CTEE18,IPCA_SPREAD,2.25,B29,1,1,677007,677007,-42,-42,2026-06-09
ENAT24,IPCA_SPREAD,5.28,B33,1,4,633175,633175,82,82,2026-07-10
GASC17,IPCA_SPREAD,6.96,B35,2,2,626142,313071,117,166,2026-04-29
TAEEC1,DI_SPREAD,0.47,CDI,1,1,608597,608597,0.4305,0.4305,2026-05-12
COCE18,IPCA_SPREAD,4.08,B31,3,6,606626,202209,131,105,2026-05-28
CGOSA1,DI_SPREAD,3.58,CDI,1,4,582499,582499,0.7818,0.7818,2026-06-16
VVEO16,DI_SPREAD,5.31,,1,7,540230,540230,,,
ABSP12,DI_SPREAD,0.23,CDI,1,1,524030,524030,1.5885,1.5885,2026-03-31
CMGD27,,0.01,,2,7,515619,257810,,,
NIGP12,DI_SPREAD,3.27,CDI,2,8,495659,247830,1.0964,1.1391,2026-04-13
WETE11,,1.61,,1,3,488649,488649,,,
ENEV15,IPCA_SPREAD,2.64,B29,2,2,480306,240153,-29,-44,2026-04-09
MRFGA1,DI_SPREAD,0.74,CDI,1,4,445136,445136,1.1720,1.1720,2026-04-15
USIM29,DI_SPREAD,2.35,CDI,2,7,432552,216276,1.8600,1.8162,2026-05-05
CPLD38,DI_SPREAD,1.67,,1,2,430922,430922,,,
ELPLC8,IPCA_SPREAD,2.87,B29,2,7,423328,211664,319,214,2026-06-02
PASS13,DI_SPREAD,2.15,CDI,1,4,419364,419364,0.8039,0.8039,2026-03-18
ELET23,IPCA_SPREAD,4.15,B31,1,1,416442,416442,-75,-75,2026-06-18
ISPE12,DI_SPREAD,2.32,CDI,1,8,394355,394355,2.6689,2.6689,2026-05-22
ORIG21,PREFIXADO,4.25,,3,4,381353,127118,,,
ENGIB6,IPCA_SPREAD,4.02,B31,1,1,372396,372396,-18,-18,2026-05-07
JALL11,IPCA_SPREAD,2.24,B29,2,3,354034,177017,38,19,2026-06-03
PALFB3,IPCA_SPREAD,6.32,B35,1,3,329707,329707,10,10,2026-05-14
CGOS13,IPCA_SPREAD,3.22,B30,1,1,298622,298622,-22,-22,2026-03-31
OPCT16,DI_SPREAD,2.01,CDI,1,3,290882,290882,1.4391,1.4391,2026-06-24
TAEEB0,IPCA_SPREAD,11.98,B50,1,2,289858,289858,-43,-43,2026-03-18
HYPEB1,DI_SPREAD,3.31,CDI,1,14,285748,285748,0.9118,0.9118,2026-03-20
PETR17,IPCA_SPREAD,2.93,B29,1,1,276253,276253,-77,-77,2026-06-10
PETR38,IPCA_SPREAD,10.45,,1,1,260092,260092,,,
CMGD28,IPCA_SPREAD,2.22,B28,3,5,247072,82357,-21,-65,2026-06-10
CSMGA9,DI_SPREAD,3.16,CDI,1,6,241998,241998,0.6722,0.6722,2026-03-20
QUNT11,DI_SPREAD,3.13,CDI,1,8,238767,238767,0.8262,0.8262,2026-03-20
CGBP14,DI_SPREAD,2.87,CDI,2,5,225968,112984,0.8739,0.8522,2026-06-29
VALEB0,IPCA_SPREAD,7.42,B37,1,1,221563,221563,-95,-95,2026-03-24
BCPSA4,DI_SPREAD,0.53,CDI,1,12,220086,220086,0.4651,0.4651,2026-04-02
MSGT23,IPCA_SPREAD,6.39,,1,2,218179,218179,,,
BRKPA2,DI_SPREAD,2.03,CDI,1,6,213281,213281,2.7868,2.7868,2026-07-03
CPGT29,DI_SPREAD,3.40,CDI,1,2,205526,205526,0.6675,0.6675,2026-06-19
EQMAA2,IPCA_SPREAD,6.40,B35,1,7,180995,180995,-25,-25,2026-03-20
AGVF12,,0.81,,1,1,179886,179886,,,
RHOL11,,0.41,,1,4,176236,176236,,,
VDIE22,,1.09,,1,2,162714,162714,,,
TRPLA4,IPCA_SPREAD,5.42,B33,4,5,159044,39761,-25,-31,2026-06-15
RDORB5,DI_SPREAD,3.80,CDI,1,2,155073,155073,1.5320,1.5320,2026-04-23
LETS18,DI_SPREAD,3.10,CDI,1,2,148338,148338,1.6351,1.6351,2026-04-17
CCPV11,IPCA_SPREAD,3.36,,1,7,143826,143826,,,
ARML13,DI_SPREAD,2.24,CDI,1,5,138230,138230,2.0386,2.0386,2026-03-31
TAEEA7,IPCA_SPREAD,7.71,B37,4,11,130011,32503,-14,-35,2026-06-18
TFLEA7,DI_SPREAD,2.64,CDI,1,4,129689,129689,1.4474,1.4474,2026-04-07
ASSR21,IPCA_SPREAD,6.39,B35,1,3,125914,125914,130,130,2026-06-10
CLIS13,IPCA_SPREAD,4.88,B32,1,5,123070,123070,1,1,2026-05-04
CEPEB7,IPCA_SPREAD,8.37,B37,1,1,121313,121313,-10,-10,2026-06-18
RENTC8,DI_SPREAD,2.08,CDI,2,10,117701,58851,1.1353,1.1367,2026-07-03
VVEO15,DI_SPREAD,5.27,,1,10,112473,112473,,,
NTSD35,DI_SPREAD,3.37,CDI,1,4,110391,110391,1.0836,1.0836,2026-04-13
CPLD37,IPCA_SPREAD,4.11,,2,3,103630,51815,,,
CSRN29,IPCA_SPREAD,1.61,B28,1,2,102003,102003,-10,-10,2026-06-10
CEEBA6,DI_SPREAD,1.71,CDI,1,1,100063,100063,1.5586,1.5586,2026-04-13
CSANA0,DI_SPREAD,2.07,CDI,1,3,97081,97081,1.5114,1.5114,2026-07-01
CSNAA1,DI_SPREAD,1.51,CDI,1,9,96670,96670,21.9755,21.9755,2026-04-22
TPEN11,IPCA_SPREAD,1.65,B28,1,2,87791,87791,-12,-12,2026-06-18
SBSPC1,DI_SPREAD,4.10,CDI,1,2,85519,85519,0.6801,0.6801,2026-05-29
TFLED0,DI_SPREAD,3.76,CDI,1,7,69665,69665,1.5354,1.5354,2026-04-14
ELTN15,IPCA_SPREAD,4.04,B31,3,4,60333,20111,-33,-33,2026-05-12
CPGT27,IPCA_SPREAD,3.69,,2,3,52603,26302,,,
ECHP11,IPCA_SPREAD,2.13,,1,1,50900,50900,,,
CMIN11,IPCA_SPREAD,4.29,B31,1,1,50347,50347,673,673,2026-04-10
TIET39,IPCA_SPREAD,1.54,B28,1,1,50260,50260,8,8,2026-06-10
EKTRC0,IPCA_SPREAD,3.68,B30,1,1,43686,43686,-18,-18,2026-05-04
ENMI21,IPCA_SPREAD,0.62,B27,1,2,43510,43510,-90,-90,2026-06-10
SUZBC1,IPCA_SPREAD,7.00,B35,1,2,41183,41183,-1,-1,2026-04-22
ANET12,IPCA_SPREAD,3.11,B30,1,5,36407,36407,281,281,2026-04-27
VERTL6,,1.12,,1,4,36305,36305,,,
TIET19,DI_SPREAD,0.62,,1,1,35848,35848,,,
TRPLA7,IPCA_SPREAD,9.41,B40,1,2,29981,29981,-51,-51,2026-04-28
MNRVB1,,1.99,,1,5,28484,28484,,,
RUMOB5,IPCA_SPREAD,6.88,B35,2,2,26529,13265,123,120,2026-03-26
JSMLB5,IPCA_SPREAD,3.37,,1,2,25481,25481,,,
CTGE15,IPCA_SPREAD,4.04,B31,1,4,24034,24034,3,3,2026-05-27
MVLV16,,1.33,,1,5,23694,23694,,,
ENAT14,IPCA_SPREAD,3.36,B30,1,5,20664,20664,106,106,2026-06-11
VERO12,IPCA_SPREAD,2.73,,2,4,20221,10111,,,
ARTRB8,,4.44,,1,2,15823,15823,,,
MRSAA1,IPCA_SPREAD,5.66,B33,2,6,14955,7478,-36,-47,2026-07-07
INEL12,DI_SPREAD,1.55,CDI,1,17,14484,14484,1.1450,1.1450,2026-07-17
HYPEA6,DI_SPREAD,1.49,CDI,1,3,11942,11942,0.8312,0.8312,2026-04-08
FGEN13,IPCA_SPREAD,0.87,B27,1,2,8065,8065,-127,-127,2026-04-30
ENGIA1,,0.02,,1,1,6043,6043,,,
CEED17,IPCA_SPREAD,6.39,B35,1,6,4982,4982,46,46,2026-05-21
OMGE26,DI_SPREAD,3.29,CDI,1,4,4036,4036,1.2089,1.2089,2026-04-01
CERR18,IPCA_SPREAD,5.52,B33,1,1,3190,3190,139,139,2026-05-13
LCAMC2,DI_SPREAD,2.87,CDI,1,7,2165,2165,1.6530,1.6530,2026-04-01
CGOS34,IPCA_SPREAD,5.92,B33,1,1,1064,1064,6,6,2026-04-29
